Date,Market,Arrival(q),Price Minimum (Rs/q),Price Maximum (Rs/q),Modal Price (Rs/q)
01/Jan/2015,ABOHAR(PB),50,1400,2000,1700
02/Jan/2015,ABOHAR(PB),70,1575,2000,1900
03/Jan/2015,ABOHAR(PB),100,1400,2000,1900
05/Jan/2015,ABOHAR(PB),75,1500,2100,1900
06/Jan/2015,ABOHAR(PB),50,1400,2000,1700
07/Jan/2015,ABOHAR(PB),70,1500,2000,1900
08/Jan/2015,ABOHAR(PB),60,1500,2100,2000
09/Jan/2015,ABOHAR(PB),50,1400,2000,1700
15/Jan/2015,ABOHAR(PB),60,1400,1950,1650
16/Jan/2015,ABOHAR(PB),50,1500,1900,1600
17/Jan/2015,ABOHAR(PB),60,1200,1700,1500
19/Jan/2015,ABOHAR(PB),70,1000,1500,1250
20/Jan/2015,ABOHAR(PB),70,1500,1900,1700
21/Jan/2015,ABOHAR(PB),50,1000,1500,1200
22/Jan/2015,ABOHAR(PB),45,1000,1500,1200
23/Jan/2015,ABOHAR(PB),60,900,1500,1000
27/Jan/2015,ABOHAR(PB),70,1200,1800,1500
28/Jan/2015,ABOHAR(PB),70,1200,1800,1700
29/Jan/2015,ABOHAR(PB),75,1400,1900,1750
30/Jan/2015,ABOHAR(PB),100,1200,2000,1500
02/Jan/2015,AGRA(UP),3100,1750,1900,1830
03/Jan/2015,AGRA(UP),2900,1750,1900,1840
05/Jan/2015,AGRA(UP),2800,1750,1900,1850
06/Jan/2015,AGRA(UP),2750,1800,1910,1860
07/Jan/2015,AGRA(UP),2800,1800,1900,1850
08/Jan/2015,AGRA(UP),2780,1800,1900,1860
09/Jan/2015,AGRA(UP),2600,1800,1900,1870
12/Jan/2015,AGRA(UP),2500,1800,1930,1880
13/Jan/2015,AGRA(UP),2800,1700,1800,1750
14/Jan/2015,AGRA(UP),3000,1675,1780,1735
15/Jan/2015,AGRA(UP),2860,1500,1850,1760
16/Jan/2015,AGRA(UP),3300,1450,1800,1750
17/Jan/2015,AGRA(UP),3000,1300,1700,1610
19/Jan/2015,AGRA(UP),3200,1450,1550,1500
20/Jan/2015,AGRA(UP),3150,1400,1570,1510
21/Jan/2015,AGRA(UP),3000,1500,1600,1540
22/Jan/2015,AGRA(UP),2900,1520,1600,1560
23/Jan/2015,AGRA(UP),2600,1520,1625,1580
27/Jan/2015,AGRA(UP),2300,1500,1600,1565
28/Jan/2015,AGRA(UP),2600,1200,1650,1560
29/Jan/2015,AGRA(UP),2800,1500,1600,1550
30/Jan/2015,AGRA(UP),2650,1520,1590,1560
31/Jan/2015,AGRA(UP),2600,1520,1600,1570
01/Jan/2015,AHMEDABAD(GUJ),6270,700,1500,1200
03/Jan/2015,AHMEDABAD(GUJ),5363,750,1400,1100
05/Jan/2015,AHMEDABAD(GUJ),7139,800,1500,1200
06/Jan/2015,AHMEDABAD(GUJ),4854,750,1300,1100
07/Jan/2015,AHMEDABAD(GUJ),4676,850,1500,1200
08/Jan/2015,AHMEDABAD(GUJ),5421,900,1350,1200
09/Jan/2015,AHMEDABAD(GUJ),5837,900,1300,1200
10/Jan/2015,AHMEDABAD(GUJ),5896,750,1300,1100
12/Jan/2015,AHMEDABAD(GUJ),6531,650,1300,1000
13/Jan/2015,AHMEDABAD(GUJ),4373,750,1350,1100
15/Jan/2015,AHMEDABAD(GUJ),4730,900,1350,1200
16/Jan/2015,AHMEDABAD(GUJ),3601,750,1400,1100
17/Jan/2015,AHMEDABAD(GUJ),5252,750,1300,1100
19/Jan/2015,AHMEDABAD(GUJ),10581,800,1300,1100
20/Jan/2015,AHMEDABAD(GUJ),6960,750,1250,1100
21/Jan/2015,AHMEDABAD(GUJ),9145,900,1300,1200
22/Jan/2015,AHMEDABAD(GUJ),9000,900,1300,1200
24/Jan/2015,AHMEDABAD(GUJ),5172,750,1250,1100
26/Jan/2015,AHMEDABAD(GUJ),3174,900,1250,1100
27/Jan/2015,AHMEDABAD(GUJ),4149,1000,1300,1200
28/Jan/2015,AHMEDABAD(GUJ),3391,900,1500,1300
29/Jan/2015,AHMEDABAD(GUJ),5872,900,1400,1200
30/Jan/2015,AHMEDABAD(GUJ),4257,900,1450,1200
31/Jan/2015,AHMEDABAD(GUJ),5383,1000,1450,1300
01/Jan/2015,AHMEDNAGAR(MS),36832,100,1900,1050
03/Jan/2015,AHMEDNAGAR(MS),27678,100,2000,1000
05/Jan/2015,AHMEDNAGAR(MS),30962,100,1900,1000
10/Jan/2015,AHMEDNAGAR(MS),32333,100,1850,975
12/Jan/2015,AHMEDNAGAR(MS),35117,100,1800,950
15/Jan/2015,AHMEDNAGAR(MS),18828,100,1825,960
17/Jan/2015,AHMEDNAGAR(MS),25265,100,2050,1000
19/Jan/2015,AHMEDNAGAR(MS),35169,100,1850,975
22/Jan/2015,AHMEDNAGAR(MS),39725,100,2025,1000
24/Jan/2015,AHMEDNAGAR(MS),34296,100,1900,1000
29/Jan/2015,AHMEDNAGAR(MS),28881,100,1850,975
31/Jan/2015,AHMEDNAGAR(MS),23684,100,2100,1100
01/Jan/2015,AJMER(RAJ),432,1000,1800,1800
07/Jan/2015,AJMER(RAJ),440,700,1500,1200
08/Jan/2015,AJMER(RAJ),440,700,1500,1200
09/Jan/2015,AJMER(RAJ),192,700,1600,1400
13/Jan/2015,AJMER(RAJ),130,700,1400,1200
30/Jan/2015,AJMER(RAJ),661,800,1600,1400
02/Jan/2015,ALIGARH(UP),600,1950,2050,2000
03/Jan/2015,ALIGARH(UP),700,1940,2000,1970
07/Jan/2015,ALIGARH(UP),750,1860,1920,1900
08/Jan/2015,ALIGARH(UP),800,1800,1860,1830
09/Jan/2015,ALIGARH(UP),800,1770,1850,1800
10/Jan/2015,ALIGARH(UP),750,1780,1850,1820
12/Jan/2015,ALIGARH(UP),700,1800,1860,1840
13/Jan/2015,ALIGARH(UP),600,1800,1880,1850
15/Jan/2015,ALIGARH(UP),800,1760,1850,1800
16/Jan/2015,ALIGARH(UP),850,1650,1720,1700
17/Jan/2015,ALIGARH(UP),900,1600,1700,1640
19/Jan/2015,ALIGARH(UP),800,1600,1650,1620
20/Jan/2015,ALIGARH(UP),850,1580,1650,1600
21/Jan/2015,ALIGARH(UP),800,1550,1640,1580
23/Jan/2015,ALIGARH(UP),750,1570,1650,1610
27/Jan/2015,ALIGARH(UP),700,1500,1550,1520
28/Jan/2015,ALIGARH(UP),600,1480,1525,1500
29/Jan/2015,ALIGARH(UP),700,1500,1580,1540
30/Jan/2015,ALIGARH(UP),750,1480,1550,1500
01/Jan/2015,ALWAR(RAJ),24790,788,1350,1070
02/Jan/2015,ALWAR(RAJ),14560,750,1300,1025
04/Jan/2015,ALWAR(RAJ),2450,500,700,600
06/Jan/2015,ALWAR(RAJ),11950,750,1325,1038
07/Jan/2015,ALWAR(RAJ),9700,688,1250,970
08/Jan/2015,ALWAR(RAJ),5400,688,1150,920
09/Jan/2015,ALWAR(RAJ),9970,625,1150,887
11/Jan/2015,ALWAR(RAJ),6080,625,1052,838
12/Jan/2015,ALWAR(RAJ),5720,625,1025,825
13/Jan/2015,ALWAR(RAJ),6220,562,950,755
15/Jan/2015,ALWAR(RAJ),4040,500,925,712
16/Jan/2015,ALWAR(RAJ),2460,400,938,670
18/Jan/2015,ALWAR(RAJ),4250,663,1000,783
20/Jan/2015,ALWAR(RAJ),1890,625,912,770
21/Jan/2015,ALWAR(RAJ),990,625,1087,855
22/Jan/2015,ALWAR(RAJ),400,320,375,347
23/Jan/2015,ALWAR(RAJ),130,500,625,550
24/Jan/2015,ALWAR(RAJ),2750,1000,1200,1100
26/Jan/2015,ALWAR(RAJ),2800,1000,1200,1100
27/Jan/2015,ALWAR(RAJ),370,838,1037,935
28/Jan/2015,ALWAR(RAJ),5440,1000,1200,1100
30/Jan/2015,ALWAR(RAJ),2040,1000,1200,1100
31/Jan/2015,ALWAR(RAJ),70,900,1200,1000
01/Jan/2015,AMRITSAR(PB),700,1100,1600,1400
02/Jan/2015,AMRITSAR(PB),1200,900,1500,1300
03/Jan/2015,AMRITSAR(PB),700,1000,1500,1300
05/Jan/2015,AMRITSAR(PB),1400,1000,1400,1200
06/Jan/2015,AMRITSAR(PB),1200,1000,1500,1200
07/Jan/2015,AMRITSAR(PB),800,1000,1500,1200
08/Jan/2015,AMRITSAR(PB),950,1000,1400,1200
09/Jan/2015,AMRITSAR(PB),550,1000,1500,1300
10/Jan/2015,AMRITSAR(PB),2200,900,1400,1200
12/Jan/2015,AMRITSAR(PB),900,1000,1600,1300
13/Jan/2015,AMRITSAR(PB),400,1000,1500,1200
14/Jan/2015,AMRITSAR(PB),500,1000,1600,1300
15/Jan/2015,AMRITSAR(PB),1400,900,1400,1200
16/Jan/2015,AMRITSAR(PB),1200,1000,1500,1200
17/Jan/2015,AMRITSAR(PB),300,1000,1600,1300
19/Jan/2015,AMRITSAR(PB),1200,900,1500,1300
20/Jan/2015,AMRITSAR(PB),1200,1000,1500,1300
21/Jan/2015,AMRITSAR(PB),800,1000,1500,1300
22/Jan/2015,AMRITSAR(PB),1100,1200,1500,1300
23/Jan/2015,AMRITSAR(PB),1800,1200,1500,1400
24/Jan/2015,AMRITSAR(PB),1300,1100,1500,1300
26/Jan/2015,AMRITSAR(PB),1300,1200,1500,1300
27/Jan/2015,AMRITSAR(PB),2700,1000,1400,1200
28/Jan/2015,AMRITSAR(PB),1300,1100,1500,1300
29/Jan/2015,AMRITSAR(PB),1200,1200,1600,1400
30/Jan/2015,AMRITSAR(PB),1300,1200,1500,1400
31/Jan/2015,AMRITSAR(PB),300,1200,1500,1400
01/Jan/2015,BANGALORE,26211,200,1800,1300
02/Jan/2015,BANGALORE,25275,200,1800,1450
03/Jan/2015,BANGALORE,19130,200,200,1500
05/Jan/2015,BANGALORE,23013,200,2200,1550
06/Jan/2015,BANGALORE,21759,200,2200,1550
07/Jan/2015,BANGALORE,24211,200,2200,1600
08/Jan/2015,BANGALORE,28615,200,2000,1550
09/Jan/2015,BANGALORE,25978,200,2000,1350
12/Jan/2015,BANGALORE,61139,200,2000,1500
13/Jan/2015,BANGALORE,25712,200,2000,1550
14/Jan/2015,BANGALORE,14772,200,2100,1600
16/Jan/2015,BANGALORE,15486,200,2000,1600
17/Jan/2015,BANGALORE,20142,200,2000,1650
19/Jan/2015,BANGALORE,20926,200,2000,1750
20/Jan/2015,BANGALORE,30881,400,2200,1800
21/Jan/2015,BANGALORE,23631,400,2200,1800
22/Jan/2015,BANGALORE,22211,400,2200,1800
23/Jan/2015,BANGALORE,21532,500,2100,1700
24/Jan/2015,BANGALORE,34150,500,2000,1650
27/Jan/2015,BANGALORE,33008,600,1800,1550
28/Jan/2015,BANGALORE,17634,500,2000,1600
29/Jan/2015,BANGALORE,14685,500,2000,1600
30/Jan/2015,BANGALORE,15936,400,2100,1700
31/Jan/2015,BANGALORE,17644,500,2100,1750
03/Jan/2015,BAREILLY(UP),780,1300,1300,1300
07/Jan/2015,BAREILLY(UP),1100,1350,1350,1350
08/Jan/2015,BAREILLY(UP),1200,1350,1350,1350
10/Jan/2015,BAREILLY(UP),1200,1300,1300,1300
13/Jan/2015,BAREILLY(UP),1100,1300,1300,1300
14/Jan/2015,BAREILLY(UP),1250,1300,1300,1300
16/Jan/2015,BAREILLY(UP),1160,1325,1325,1325
17/Jan/2015,BAREILLY(UP),1280,1360,1360,1360
19/Jan/2015,BAREILLY(UP),1295,1350,1350,1350
21/Jan/2015,BAREILLY(UP),1250,1300,1300,1300
22/Jan/2015,BAREILLY(UP),1080,1325,1325,1325
27/Jan/2015,BAREILLY(UP),980,1350,1350,1350
29/Jan/2015,BAREILLY(UP),1265,1300,1300,1300
30/Jan/2015,BAREILLY(UP),1300,1300,1300,1300
01/Jan/2015,BELGAUM(KNT),2918,730,2000,1230
02/Jan/2015,BELGAUM(KNT),108,730,2000,1230
03/Jan/2015,BELGAUM(KNT),4620,600,1920,1200
05/Jan/2015,BELGAUM(KNT),1025,600,1920,1200
07/Jan/2015,BELGAUM(KNT),5665,500,1860,1190
08/Jan/2015,BELGAUM(KNT),1582,500,1800,1100
09/Jan/2015,BELGAUM(KNT),569,500,1800,1100
10/Jan/2015,BELGAUM(KNT),6370,600,1800,1000
16/Jan/2015,BELGAUM(KNT),854,500,1700,1020
17/Jan/2015,BELGAUM(KNT),4597,600,1900,1100
19/Jan/2015,BELGAUM(KNT),745,600,1700,1000
21/Jan/2015,BELGAUM(KNT),4385,500,1800,1100
22/Jan/2015,BELGAUM(KNT),2972,500,1800,1100
23/Jan/2015,BELGAUM(KNT),1661,500,1800,1100
24/Jan/2015,BELGAUM(KNT),5090,600,1700,1000
28/Jan/2015,BELGAUM(KNT),3159,500,1600,1030
29/Jan/2015,BELGAUM(KNT),2103,500,1600,1030
30/Jan/2015,BELGAUM(KNT),905,500,1600,1030
31/Jan/2015,BELGAUM(KNT),3178,600,1500,1000
01/Jan/2015,BHATINDA(PB),240,1550,2200,1875
02/Jan/2015,BHATINDA(PB),220,1560,2100,1830
03/Jan/2015,BHATINDA(PB),200,1570,2150,1860
05/Jan/2015,BHATINDA(PB),250,1500,2210,1855
06/Jan/2015,BHATINDA(PB),210,1570,2220,1895
07/Jan/2015,BHATINDA(PB),230,1600,2250,1925
08/Jan/2015,BHATINDA(PB),215,1600,2100,1850
09/Jan/2015,BHATINDA(PB),230,1580,2150,1865
10/Jan/2015,BHATINDA(PB),220,1540,2180,1860
12/Jan/2015,BHATINDA(PB),240,1600,2250,1925
13/Jan/2015,BHATINDA(PB),245,1550,2230,1890
14/Jan/2015,BHATINDA(PB),215,1500,2200,1850
15/Jan/2015,BHATINDA(PB),230,1520,2200,1860
16/Jan/2015,BHATINDA(PB),220,1540,2250,1895
17/Jan/2015,BHATINDA(PB),210,1540,2210,1875
19/Jan/2015,BHATINDA(PB),240,1530,2200,1865
20/Jan/2015,BHATINDA(PB),215,1520,2210,1865
21/Jan/2015,BHATINDA(PB),250,1600,2280,1940
22/Jan/2015,BHATINDA(PB),220,1600,2290,1945
23/Jan/2015,BHATINDA(PB),230,1590,2250,1920
24/Jan/2015,BHATINDA(PB),240,1600,2260,1930
26/Jan/2015,BHATINDA(PB),240,1580,2270,1850
27/Jan/2015,BHATINDA(PB),235,1580,2240,1910
28/Jan/2015,BHATINDA(PB),230,1570,2280,1925
29/Jan/2015,BHATINDA(PB),240,1600,2260,1930
30/Jan/2015,BHATINDA(PB),230,1600,2220,1910
31/Jan/2015,BHATINDA(PB),220,1590,2290,1940
01/Jan/2015,BHAVNAGAR(GUJ),21721,900,1300,1100
02/Jan/2015,BHAVNAGAR(GUJ),25115,875,1325,1100
03/Jan/2015,BHAVNAGAR(GUJ),22150,900,1388,1142
05/Jan/2015,BHAVNAGAR(GUJ),27166,850,1355,1100
06/Jan/2015,BHAVNAGAR(GUJ),24200,985,1345,1165
07/Jan/2015,BHAVNAGAR(GUJ),25362,950,1300,1125
08/Jan/2015,BHAVNAGAR(GUJ),23753,750,1250,1000
09/Jan/2015,BHAVNAGAR(GUJ),27017,800,1260,1030
10/Jan/2015,BHAVNAGAR(GUJ),30084,850,1190,1005
12/Jan/2015,BHAVNAGAR(GUJ),39271,800,1170,985
13/Jan/2015,BHAVNAGAR(GUJ),15009,925,1250,1090
15/Jan/2015,BHAVNAGAR(GUJ),10249,950,1230,1080
16/Jan/2015,BHAVNAGAR(GUJ),13619,900,1225,1060
17/Jan/2015,BHAVNAGAR(GUJ),29282,900,1250,1075
19/Jan/2015,BHAVNAGAR(GUJ),43154,900,1225,1060
20/Jan/2015,BHAVNAGAR(GUJ),27230,900,1200,1050
21/Jan/2015,BHAVNAGAR(GUJ),39877,900,1225,1060
22/Jan/2015,BHAVNAGAR(GUJ),28620,875,1265,1060
23/Jan/2015,BHAVNAGAR(GUJ),34730,950,1300,1125
27/Jan/2015,BHAVNAGAR(GUJ),24272,1005,1300,1150
28/Jan/2015,BHAVNAGAR(GUJ),19540,1050,1410,1230
29/Jan/2015,BHAVNAGAR(GUJ),26158,1060,1380,1220
30/Jan/2015,BHAVNAGAR(GUJ),27663,1100,1420,1260
31/Jan/2015,BHAVNAGAR(GUJ),36794,1105,1395,1250
02/Jan/2015,BHOPAL,200,400,1000,800
03/Jan/2015,BHOPAL,320,500,1000,800
05/Jan/2015,BHOPAL,440,300,1000,700
06/Jan/2015,BHOPAL,778,200,1000,700
07/Jan/2015,BHOPAL,1904,200,1000,700
08/Jan/2015,BHOPAL,1904,200,1000,700
09/Jan/2015,BHOPAL,1180,300,1000,800
12/Jan/2015,BHOPAL,145,300,1000,800
14/Jan/2015,BHOPAL,1072,300,800,600
15/Jan/2015,BHOPAL,1516,300,800,600
16/Jan/2015,BHOPAL,212,300,800,600
19/Jan/2015,BHOPAL,100,300,800,600
20/Jan/2015,BHOPAL,1145,500,800,700
21/Jan/2015,BHOPAL,1140,500,800,600
22/Jan/2015,BHOPAL,845,300,1000,800
23/Jan/2015,BHOPAL,835,500,800,700
24/Jan/2015,BHOPAL,1020,200,600,350
27/Jan/2015,BHOPAL,325,300,1000,800
29/Jan/2015,BHOPAL,545,300,1000,800
30/Jan/2015,BHOPAL,674,500,800,600
01/Jan/2015,BHUBNESWER(OR),1200,1600,1800,1760
02/Jan/2015,BHUBNESWER(OR),1000,1800,2000,1960
03/Jan/2015,BHUBNESWER(OR),1200,1600,1800,1760
06/Jan/2015,BHUBNESWER(OR),1200,1700,1800,1760
07/Jan/2015,BHUBNESWER(OR),1500,1600,1700,1660
08/Jan/2015,BHUBNESWER(OR),1200,1700,1800,1760
09/Jan/2015,BHUBNESWER(OR),1500,1600,1700,1660
10/Jan/2015,BHUBNESWER(OR),1200,1700,1800,1760
13/Jan/2015,BHUBNESWER(OR),1200,1800,1900,1860
14/Jan/2015,BHUBNESWER(OR),1000,1850,1950,1930
15/Jan/2015,BHUBNESWER(OR),1200,1800,1900,1860
16/Jan/2015,BHUBNESWER(OR),1500,1600,1700,1660
17/Jan/2015,BHUBNESWER(OR),1200,1650,1750,1730
20/Jan/2015,BHUBNESWER(OR),1200,1500,1600,1560
21/Jan/2015,BHUBNESWER(OR),1000,1550,1650,1630
22/Jan/2015,BHUBNESWER(OR),1200,1600,1800,1760
23/Jan/2015,BHUBNESWER(OR),1500,1500,1700,1660
24/Jan/2015,BHUBNESWER(OR),1100,1600,1800,1750
27/Jan/2015,BHUBNESWER(OR),1200,1600,1800,1760
28/Jan/2015,BHUBNESWER(OR),1500,1600,1700,1660
29/Jan/2015,BHUBNESWER(OR),1200,1700,1800,1760
30/Jan/2015,BHUBNESWER(OR),110,1800,1900,1860
31/Jan/2015,BHUBNESWER(OR),1500,1750,1850,1825
01/Jan/2015,BIJAPUR(KNT),1017,900,1400,1100
05/Jan/2015,BIJAPUR(KNT),1200,600,1400,1000
08/Jan/2015,BIJAPUR(KNT),940,500,1400,1000
12/Jan/2015,BIJAPUR(KNT),750,400,1400,900
16/Jan/2015,BIJAPUR(KNT),920,600,1400,1000
19/Jan/2015,BIJAPUR(KNT),890,500,1400,800
22/Jan/2015,BIJAPUR(KNT),920,500,1500,1000
27/Jan/2015,BIJAPUR(KNT),950,400,1400,900
29/Jan/2015,BIJAPUR(KNT),540,400,1300,800
02/Jan/2015,BURDWAN(WB),380,2150,2300,2250
05/Jan/2015,BURDWAN(WB),350,2150,2300,2250
06/Jan/2015,BURDWAN(WB),380,2100,2250,2200
07/Jan/2015,BURDWAN(WB),360,2100,2250,2200
08/Jan/2015,BURDWAN(WB),340,2100,2250,2200
09/Jan/2015,BURDWAN(WB),450,1900,2050,2000
14/Jan/2015,BURDWAN(WB),450,1900,2050,2000
16/Jan/2015,BURDWAN(WB),350,2100,2250,2200
27/Jan/2015,BURDWAN(WB),360,1900,2050,2000
29/Jan/2015,BURDWAN(WB),360,1900,2050,2000
17/Jan/2015,CHANDVAD(MS),11079,100,1469,1200
21/Jan/2015,CHANDVAD(MS),11560,300,1469,1200
22/Jan/2015,CHANDVAD(MS),10990,100,1437,1150
23/Jan/2015,CHANDVAD(MS),9500,500,1451,1250
27/Jan/2015,CHANDVAD(MS),11050,151,1426,1200
28/Jan/2015,CHANDVAD(MS),11644,200,1460,1250
29/Jan/2015,CHANDVAD(MS),9500,300,1420,1200
30/Jan/2015,CHANDVAD(MS),9000,500,1368,1200
31/Jan/2015,CHANDVAD(MS),9350,100,1350,1200
01/Jan/2015,CHENNAI,4500,2000,2400,2200
02/Jan/2015,CHENNAI,4800,2200,2400,2300
03/Jan/2015,CHENNAI,3000,2200,2400,2300
06/Jan/2015,CHENNAI,5200,2000,2200,2100
07/Jan/2015,CHENNAI,5000,2000,2200,2100
08/Jan/2015,CHENNAI,5200,2000,2400,2200
09/Jan/2015,CHENNAI,5000,2000,2400,2200
10/Jan/2015,CHENNAI,7000,1600,2000,1800
12/Jan/2015,CHENNAI,5200,2000,2400,2200
13/Jan/2015,CHENNAI,5200,2000,2400,2200
14/Jan/2015,CHENNAI,5000,2000,2400,2200
16/Jan/2015,CHENNAI,2000,2000,2400,2200
17/Jan/2015,CHENNAI,1000,2000,2400,2200
19/Jan/2015,CHENNAI,2500,2000,2400,2200
20/Jan/2015,CHENNAI,4500,2000,2400,2200
21/Jan/2015,CHENNAI,5000,2200,2400,2300
22/Jan/2015,CHENNAI,6000,2000,2200,2100
23/Jan/2015,CHENNAI,5000,1800,2200,2000
24/Jan/2015,CHENNAI,4500,1800,2200,2000
27/Jan/2015,CHENNAI,5500,2000,2200,2100
28/Jan/2015,CHENNAI,5200,2000,2200,2100
29/Jan/2015,CHENNAI,5500,2000,2200,2100
30/Jan/2015,CHENNAI,5200,2000,2200,2100
31/Jan/2015,CHENNAI,5500,1800,2200,2000
03/Jan/2015,DEESA(GUJ),6630,900,1700,1300
05/Jan/2015,DEESA(GUJ),2800,1000,1800,1400
09/Jan/2015,DEESA(GUJ),3260,600,1500,1050
22/Jan/2015,DEESA(GUJ),2940,900,1400,1150
28/Jan/2015,DEESA(GUJ),469,1000,1400,1200
02/Jan/2015,DEHRADOON(UTT),1040,700,1000,800
03/Jan/2015,DEHRADOON(UTT),554,600,1000,600
05/Jan/2015,DEHRADOON(UTT),1480,700,1200,700
06/Jan/2015,DEHRADOON(UTT),873,700,1400,700
07/Jan/2015,DEHRADOON(UTT),194,700,1000,700
08/Jan/2015,DEHRADOON(UTT),164,800,1200,800
09/Jan/2015,DEHRADOON(UTT),485,780,1450,1250
10/Jan/2015,DEHRADOON(UTT),507,800,1000,800
12/Jan/2015,DEHRADOON(UTT),1162,800,1000,800
13/Jan/2015,DEHRADOON(UTT),908,800,1120,980
14/Jan/2015,DEHRADOON(UTT),1553,800,1100,800
15/Jan/2015,DEHRADOON(UTT),355,900,1050,980
16/Jan/2015,DEHRADOON(UTT),364,800,1000,900
17/Jan/2015,DEHRADOON(UTT),124,800,1100,900
19/Jan/2015,DEHRADOON(UTT),316,600,1000,800
27/Jan/2015,DEHRADOON(UTT),500,700,1600,700
30/Jan/2015,DEHRADOON(UTT),174,900,1200,1000
01/Jan/2015,DELHI,6578,750,1875,1471
02/Jan/2015,DELHI,12419,750,1875,1470
03/Jan/2015,DELHI,11752,750,1875,1445
04/Jan/2015,DELHI,9318,700,1875,1396
05/Jan/2015,DELHI,5925,700,1875,1396
06/Jan/2015,DELHI,10923,700,1550,1393
07/Jan/2015,DELHI,8701,700,1850,1386
08/Jan/2015,DELHI,4692,700,1800,1344
09/Jan/2015,DELHI,7397,700,1850,1390
10/Jan/2015,DELHI,7618,700,1850,1388
11/Jan/2015,DELHI,11132,700,1750,1359
12/Jan/2015,DELHI,7296,700,1750,1359
13/Jan/2015,DELHI,13555,600,1675,1269
14/Jan/2015,DELHI,8111,625,1750,1294
15/Jan/2015,DELHI,9273,600,1750,1222
16/Jan/2015,DELHI,8297,600,1750,1197
17/Jan/2015,DELHI,8792,600,1750,1197
18/Jan/2015,DELHI,5302,600,1800,1211
19/Jan/2015,DELHI,1334,600,1800,1211
20/Jan/2015,DELHI,5264,625,1850,1244
21/Jan/2015,DELHI,1869,800,1900,1361
22/Jan/2015,DELHI,5623,800,1900,1361
23/Jan/2015,DELHI,10933,800,1900,1364
24/Jan/2015,DELHI,14817,800,1875,1383
25/Jan/2015,DELHI,14869,850,1875,1381
26/Jan/2015,DELHI,798,850,1875,1381
27/Jan/2015,DELHI,6367,850,1875,1381
28/Jan/2015,DELHI,10026,850,1875,1381
29/Jan/2015,DELHI,5176,850,1875,1383
30/Jan/2015,DELHI,5361,850,1925,1452
31/Jan/2015,DELHI,10302,850,1925,1464
01/Jan/2015,DEVALA(MS),3965,600,1477,1250
02/Jan/2015,DEVALA(MS),1998,601,1481,1250
05/Jan/2015,DEVALA(MS),4205,650,1570,1300
06/Jan/2015,DEVALA(MS),5153,650,1471,1300
07/Jan/2015,DEVALA(MS),5490,500,1420,1200
08/Jan/2015,DEVALA(MS),5512,650,1466,1200
09/Jan/2015,DEVALA(MS),4400,550,1381,1000
12/Jan/2015,DEVALA(MS),5897,700,1395,1200
13/Jan/2015,DEVALA(MS),8981,600,1349,1050
14/Jan/2015,DEVALA(MS),5683,700,1414,1200
19/Jan/2015,DEVALA(MS),7328,700,1440,1250
21/Jan/2015,DEVALA(MS),7214,800,1425,1150
22/Jan/2015,DEVALA(MS),6380,650,1331,1100
23/Jan/2015,DEVALA(MS),5475,650,1451,1200
27/Jan/2015,DEVALA(MS),7183,750,1451,1200
28/Jan/2015,DEVALA(MS),5336,750,1450,1200
30/Jan/2015,DEVALA(MS),5683,851,1590,1400
01/Jan/2015,DHAVANGERE(KNT),1000,300,1600,950
02/Jan/2015,DHAVANGERE(KNT),1000,300,1600,950
03/Jan/2015,DHAVANGERE(KNT),1500,300,1600,950
06/Jan/2015,DHAVANGERE(KNT),810,500,1800,1150
07/Jan/2015,DHAVANGERE(KNT),600,500,2000,1250
08/Jan/2015,DHAVANGERE(KNT),1250,500,2000,1250
09/Jan/2015,DHAVANGERE(KNT),630,400,1800,1100
13/Jan/2015,DHAVANGERE(KNT),1000,500,1700,1000
16/Jan/2015,DHAVANGERE(KNT),820,500,1700,1100
17/Jan/2015,DHAVANGERE(KNT),1050,500,1800,1150
20/Jan/2015,DHAVANGERE(KNT),800,500,1800,1150
21/Jan/2015,DHAVANGERE(KNT),700,500,1800,1150
22/Jan/2015,DHAVANGERE(KNT),1838,500,1850,1075
24/Jan/2015,DHAVANGERE(KNT),800,500,1750,1125
27/Jan/2015,DHAVANGERE(KNT),2198,400,1800,1100
28/Jan/2015,DHAVANGERE(KNT),800,500,1600,1050
29/Jan/2015,DHAVANGERE(KNT),1000,500,1600,1050
05/Jan/2015,DHULIA(MS),4100,200,1425,1150
06/Jan/2015,DHULIA(MS),4128,200,1300,1080
07/Jan/2015,DHULIA(MS),2044,200,1425,1100
08/Jan/2015,DHULIA(MS),4126,200,1450,1150
09/Jan/2015,DHULIA(MS),3381,300,1300,1000
10/Jan/2015,DHULIA(MS),6265,200,1200,900
12/Jan/2015,DHULIA(MS),8250,100,1250,950
13/Jan/2015,DHULIA(MS),7696,100,1200,900
14/Jan/2015,DHULIA(MS),5349,100,1265,1050
19/Jan/2015,DHULIA(MS),565,300,1370,1150
20/Jan/2015,DHULIA(MS),2800,100,1300,1080
21/Jan/2015,DHULIA(MS),3142,100,1300,1050
22/Jan/2015,DHULIA(MS),4937,100,1305,1020
23/Jan/2015,DHULIA(MS),5108,100,1350,1080
27/Jan/2015,DHULIA(MS),6444,100,1305,1100
28/Jan/2015,DHULIA(MS),5009,200,1460,1250
02/Jan/2015,DINDIGUL(TN),3000,1200,2000,1600
05/Jan/2015,DINDIGUL(TN),2550,1200,2000,1600
07/Jan/2015,DINDIGUL(TN),1800,1200,2200,1700
09/Jan/2015,DINDIGUL(TN),2700,1200,2400,1800
12/Jan/2015,DINDIGUL(TN),2550,1200,2400,1800
19/Jan/2015,DINDIGUL(TN),1800,1200,2300,1750
21/Jan/2015,DINDIGUL(TN),1800,1200,2300,1750
23/Jan/2015,DINDIGUL(TN),3000,1100,2100,1600
26/Jan/2015,DINDIGUL(TN),3000,1100,2100,1600
27/Jan/2015,DINDIGUL(TN),2550,1100,2100,1600
29/Jan/2015,DINDIGUL(TN),2550,1100,2100,1600
02/Jan/2015,DINDIGUL(TN)(Podis,2800,1400,3200,2300
05/Jan/2015,DINDIGUL(TN)(Podis,2200,1500,3000,2250
07/Jan/2015,DINDIGUL(TN)(Podis,1520,1450,3100,2275
09/Jan/2015,DINDIGUL(TN)(Podis,2800,1400,3000,2200
12/Jan/2015,DINDIGUL(TN)(Podis,2400,1500,3500,2500
19/Jan/2015,DINDIGUL(TN)(Podis,2400,1500,4000,2750
21/Jan/2015,DINDIGUL(TN)(Podis,1600,1500,4000,2750
23/Jan/2015,DINDIGUL(TN)(Podis,2800,1500,3900,2700
26/Jan/2015,DINDIGUL(TN)(Podis,2240,1400,3500,2450
27/Jan/2015,DINDIGUL(TN)(Podis,1600,1400,3200,2300
29/Jan/2015,DINDIGUL(TN)(Podis,2800,1400,3200,2300
21/Jan/2015,DINDORI(MS),6130,800,1563,1175
02/Jan/2015,GONDAL(GUJ),2630,105,1480,1230
06/Jan/2015,GONDAL(GUJ),2641,180,1355,1205
08/Jan/2015,GONDAL(GUJ),4532,155,1405,1230
09/Jan/2015,GONDAL(GUJ),4892,105,1280,1130
10/Jan/2015,GONDAL(GUJ),5073,105,1230,1080
15/Jan/2015,GONDAL(GUJ),2674,155,1280,1105
17/Jan/2015,GONDAL(GUJ),3986,155,1380,1155
20/Jan/2015,GONDAL(GUJ),5000,155,1230,1105
22/Jan/2015,GONDAL(GUJ),5779,155,1280,1130
27/Jan/2015,GONDAL(GUJ),4541,180,1330,1105
29/Jan/2015,GONDAL(GUJ),4044,180,1305,1130
31/Jan/2015,GONDAL(GUJ),3533,205,1305,1180
01/Jan/2015,GUWAHATI,300,2500,2600,2550
02/Jan/2015,GUWAHATI,425,2400,2800,2600
03/Jan/2015,GUWAHATI,300,2200,2300,2250
06/Jan/2015,GUWAHATI,350,2000,2200,2100
07/Jan/2015,GUWAHATI,300,2000,2200,2050
08/Jan/2015,GUWAHATI,340,2200,2300,2250
09/Jan/2015,GUWAHATI,350,2000,2200,2100
22/Jan/2015,GUWAHATI,350,1500,1750,1550
27/Jan/2015,GUWAHATI,380,1600,1800,1700
29/Jan/2015,GUWAHATI,380,2000,2200,2100
01/Jan/2015,HASSAN(KNT),1980,519,1355,1200
02/Jan/2015,HASSAN(KNT),353,1508,1508,1508
08/Jan/2015,HASSAN(KNT),1562,551,1400,1038
09/Jan/2015,HASSAN(KNT),874,1167,1264,1264
16/Jan/2015,HASSAN(KNT),1566,766,1318,1167
17/Jan/2015,HASSAN(KNT),165,1500,1500,1500
20/Jan/2015,HASSAN(KNT),2971,1123,1446,1446
22/Jan/2015,HASSAN(KNT),1277,494,1299,1142
23/Jan/2015,HASSAN(KNT),980,1426,1465,1465
27/Jan/2015,HASSAN(KNT),1272,1332,1332,1332
29/Jan/2015,HASSAN(KNT),2118,592,1795,1365
31/Jan/2015,HASSAN(KNT),1175,760,1211,1211
01/Jan/2015,HOSHIARPUR(PB),150,1800,2100,1950
02/Jan/2015,HOSHIARPUR(PB),150,1800,2000,1950
05/Jan/2015,HOSHIARPUR(PB),150,1800,2100,1950
06/Jan/2015,HOSHIARPUR(PB),300,1500,2000,1750
08/Jan/2015,HOSHIARPUR(PB),250,1400,1800,1600
10/Jan/2015,HOSHIARPUR(PB),300,1500,2000,1750
12/Jan/2015,HOSHIARPUR(PB),250,1400,1800,1600
14/Jan/2015,HOSHIARPUR(PB),200,1300,1700,1500
15/Jan/2015,HOSHIARPUR(PB),200,1300,1700,1500
17/Jan/2015,HOSHIARPUR(PB),200,1300,1500,1400
19/Jan/2015,HOSHIARPUR(PB),200,1300,1700,1500
22/Jan/2015,HOSHIARPUR(PB),200,1300,1700,1500
23/Jan/2015,HOSHIARPUR(PB),100,1300,1700,1500
27/Jan/2015,HOSHIARPUR(PB),200,1400,1700,1550
28/Jan/2015,HOSHIARPUR(PB),200,1400,1600,1500
31/Jan/2015,HOSHIARPUR(PB),200,1400,1700,1550
01/Jan/2015,HUBLI(KNT),3913,200,1670,800
02/Jan/2015,HUBLI(KNT),2601,200,1600,800
03/Jan/2015,HUBLI(KNT),5249,600,1900,900
05/Jan/2015,HUBLI(KNT),3387,250,2000,850
06/Jan/2015,HUBLI(KNT),2788,250,2200,900
07/Jan/2015,HUBLI(KNT),2335,250,1700,850
08/Jan/2015,HUBLI(KNT),2748,250,1770,850
09/Jan/2015,HUBLI(KNT),1594,300,1760,925
10/Jan/2015,HUBLI(KNT),4932,300,1900,900
12/Jan/2015,HUBLI(KNT),4920,250,1500,800
13/Jan/2015,HUBLI(KNT),2938,250,1700,750
14/Jan/2015,HUBLI(KNT),1866,300,1700,850
16/Jan/2015,HUBLI(KNT),1050,250,1700,900
17/Jan/2015,HUBLI(KNT),1962,300,1750,850
19/Jan/2015,HUBLI(KNT),2685,250,1800,800
20/Jan/2015,HUBLI(KNT),1616,250,2000,850
21/Jan/2015,HUBLI(KNT),2151,200,2000,1000
22/Jan/2015,HUBLI(KNT),2751,200,2000,1000
23/Jan/2015,HUBLI(KNT),4140,300,1800,950
24/Jan/2015,HUBLI(KNT),3850,300,1750,850
26/Jan/2015,HUBLI(KNT),725,700,1800,1200
27/Jan/2015,HUBLI(KNT),1731,300,1700,850
28/Jan/2015,HUBLI(KNT),2131,200,1900,1000
29/Jan/2015,HUBLI(KNT),1468,200,1800,850
30/Jan/2015,HUBLI(KNT),1554,200,1800,1000
31/Jan/2015,HUBLI(KNT),2454,250,1900,950
02/Jan/2015,HYDERABAD,8938,600,1600,1300
03/Jan/2015,HYDERABAD,7834,500,1800,1250
05/Jan/2015,HYDERABAD,3021,400,2000,1400
06/Jan/2015,HYDERABAD,7021,500,2000,1300
07/Jan/2015,HYDERABAD,8362,500,2000,1450
08/Jan/2015,HYDERABAD,6170,500,2000,1300
09/Jan/2015,HYDERABAD,9913,500,1800,1300
12/Jan/2015,HYDERABAD,13535,500,1800,1200
13/Jan/2015,HYDERABAD,5519,400,1200,1000
19/Jan/2015,HYDERABAD,8704,500,1800,1300
21/Jan/2015,HYDERABAD,7653,500,2000,1500
22/Jan/2015,HYDERABAD,10730,500,2000,1550
23/Jan/2015,HYDERABAD,10550,500,2000,1500
24/Jan/2015,HYDERABAD,10193,500,1700,1400
27/Jan/2015,HYDERABAD,4702,600,2000,1400
28/Jan/2015,HYDERABAD,6088,600,2000,1500
29/Jan/2015,HYDERABAD,8358,500,2000,1450
30/Jan/2015,HYDERABAD,6502,500,2100,1550
31/Jan/2015,HYDERABAD,6728,500,2100,1600
01/Jan/2015,INDORE(MP),4572,375,1500,1250
02/Jan/2015,INDORE(MP),4185,375,1500,1250
03/Jan/2015,INDORE(MP),2160,375,1375,1000
04/Jan/2015,INDORE(MP),372,250,1500,1000
05/Jan/2015,INDORE(MP),4275,250,1500,1000
06/Jan/2015,INDORE(MP),4297,250,1500,1000
07/Jan/2015,INDORE(MP),8077,250,1500,1000
08/Jan/2015,INDORE(MP),6133,250,1250,1000
09/Jan/2015,INDORE(MP),10350,200,1375,875
10/Jan/2015,INDORE(MP),9945,200,1250,750
11/Jan/2015,INDORE(MP),135,200,1250,750
12/Jan/2015,INDORE(MP),11565,200,1250,750
13/Jan/2015,INDORE(MP),10800,200,1250,750
14/Jan/2015,INDORE(MP),8505,250,1500,875
15/Jan/2015,INDORE(MP),740,200,1250,750
16/Jan/2015,INDORE(MP),7942,200,1250,750
17/Jan/2015,INDORE(MP),5535,200,1375,875
18/Jan/2015,INDORE(MP),270,200,1375,750
19/Jan/2015,INDORE(MP),9540,200,1375,750
20/Jan/2015,INDORE(MP),10530,200,1250,750
21/Jan/2015,INDORE(MP),10100,200,1500,875
22/Jan/2015,INDORE(MP),8617,250,1500,825
23/Jan/2015,INDORE(MP),7560,250,1375,875
24/Jan/2015,INDORE(MP),6795,250,1500,1000
25/Jan/2015,INDORE(MP),108,250,1550,1000
27/Jan/2015,INDORE(MP),3195,250,1550,1000
28/Jan/2015,INDORE(MP),4545,375,1625,1125
29/Jan/2015,INDORE(MP),4797,375,1625,1125
30/Jan/2015,INDORE(MP),4680,500,1625,1250
01/Jan/2015,JAIPUR,1637,1000,1800,1400
02/Jan/2015,JAIPUR,1754,800,1600,1200
03/Jan/2015,JAIPUR,1465,900,1600,1250
05/Jan/2015,JAIPUR,2154,1000,1600,1300
06/Jan/2015,JAIPUR,1937,1000,1800,1400
07/Jan/2015,JAIPUR,1827,1000,1600,1300
08/Jan/2015,JAIPUR,2015,1000,1600,1300
09/Jan/2015,JAIPUR,1952,1000,1600,1300
10/Jan/2015,JAIPUR,1730,1000,1600,1300
12/Jan/2015,JAIPUR,1985,1000,1600,1300
13/Jan/2015,JAIPUR,2157,1000,1650,1325
15/Jan/2015,JAIPUR,1632,1000,1400,1200
16/Jan/2015,JAIPUR,1920,1000,1550,1275
17/Jan/2015,JAIPUR,768,1000,1500,1250
19/Jan/2015,JAIPUR,1845,1000,1500,1250
20/Jan/2015,JAIPUR,1937,1000,1500,1250
21/Jan/2015,JAIPUR,1739,1000,1500,1250
22/Jan/2015,JAIPUR,1542,1000,1400,1200
23/Jan/2015,JAIPUR,1642,1000,1400,1200
27/Jan/2015,JAIPUR,1775,800,1400,1100
28/Jan/2015,JAIPUR,1724,600,1400,1000
29/Jan/2015,JAIPUR,1685,600,1400,1000
30/Jan/2015,JAIPUR,1429,600,1400,1000
31/Jan/2015,JAIPUR,1821,600,1400,1000
07/Jan/2015,JALANDHAR(PB),685,900,1400,1200
08/Jan/2015,JALANDHAR(PB),655,800,1400,1200
10/Jan/2015,JALANDHAR(PB),832,800,1300,1100
12/Jan/2015,JALANDHAR(PB),968,800,1400,1200
13/Jan/2015,JALANDHAR(PB),495,900,1500,1200
14/Jan/2015,JALANDHAR(PB),872,800,1400,1200
16/Jan/2015,JALANDHAR(PB),1020,900,1500,1200
19/Jan/2015,JALANDHAR(PB),580,800,1600,1200
20/Jan/2015,JALANDHAR(PB),1350,800,1500,1200
21/Jan/2015,JALANDHAR(PB),780,700,1500,1200
22/Jan/2015,JALANDHAR(PB),546,900,1400,1200
23/Jan/2015,JALANDHAR(PB),885,800,1500,1200
27/Jan/2015,JALANDHAR(PB),864,1000,1400,1200
29/Jan/2015,JALANDHAR(PB),478,1000,1600,1300
30/Jan/2015,JALANDHAR(PB),560,1000,1500,1200
31/Jan/2015,JALANDHAR(PB),510,1000,1500,1250
01/Jan/2015,JALGAON(MS),550,400,1400,1000
03/Jan/2015,JALGAON(MS),1100,400,1751,900
06/Jan/2015,JALGAON(MS),600,400,1300,900
08/Jan/2015,JALGAON(MS),800,400,1250,900
09/Jan/2015,JALGAON(MS),1350,375,1150,750
10/Jan/2015,JALGAON(MS),1300,450,1400,800
12/Jan/2015,JALGAON(MS),2500,300,1050,700
13/Jan/2015,JALGAON(MS),2700,250,1125,900
14/Jan/2015,JALGAON(MS),2850,350,1150,900
19/Jan/2015,JALGAON(MS),1300,400,1250,800
20/Jan/2015,JALGAON(MS),1300,450,1150,900
22/Jan/2015,JALGAON(MS),1200,450,1100,800
24/Jan/2015,JALGAON(MS),1500,500,1300,900
27/Jan/2015,JALGAON(MS),800,350,1350,900
28/Jan/2015,JALGAON(MS),500,600,1375,1000
30/Jan/2015,JALGAON(MS),650,500,1400,1100
31/Jan/2015,JALGAON(MS),800,350,1500,1100
01/Jan/2015,JAMMU,1440,1700,1900,1800
02/Jan/2015,JAMMU,1080,1600,1700,1650
03/Jan/2015,JAMMU,1080,1700,2000,1850
06/Jan/2015,JAMMU,1080,1700,1800,1750
08/Jan/2015,JAMMU,1170,1700,1800,1750
10/Jan/2015,JAMMU,1260,1600,1700,1650
12/Jan/2015,JAMMU,1350,1600,1800,1700
14/Jan/2015,JAMMU,1440,1600,1700,1650
15/Jan/2015,JAMMU,2160,1600,1800,1700
17/Jan/2015,JAMMU,1350,1600,1700,1650
19/Jan/2015,JAMMU,1080,1500,1600,1550
20/Jan/2015,JAMMU,1350,1700,1800,1750
21/Jan/2015,JAMMU,1080,1700,1800,1750
22/Jan/2015,JAMMU,1080,1700,1800,1750
23/Jan/2015,JAMMU,1620,1600,1700,1650
27/Jan/2015,JAMMU,1080,1600,1700,1650
28/Jan/2015,JAMMU,1080,1700,1800,1750
29/Jan/2015,JAMMU,980,1700,1800,1750
30/Jan/2015,JAMMU,1080,1700,1800,1750
31/Jan/2015,JAMMU,1600,1600,1700,1650
01/Jan/2015,JODHPUR(RAJ),1300,800,1600,1200
02/Jan/2015,JODHPUR(RAJ),1185,800,1600,1200
05/Jan/2015,JODHPUR(RAJ),650,1000,1600,1300
06/Jan/2015,JODHPUR(RAJ),1075,1000,1800,1400
07/Jan/2015,JODHPUR(RAJ),575,800,1500,1100
08/Jan/2015,JODHPUR(RAJ),300,800,2400,1400
09/Jan/2015,JODHPUR(RAJ),1930,700,1800,1250
12/Jan/2015,JODHPUR(RAJ),1360,500,1800,1200
13/Jan/2015,JODHPUR(RAJ),650,800,1400,1100
14/Jan/2015,JODHPUR(RAJ),1300,1000,1400,1200
15/Jan/2015,JODHPUR(RAJ),1450,1000,1800,1400
16/Jan/2015,JODHPUR(RAJ),1795,1000,1500,1300
20/Jan/2015,JODHPUR(RAJ),360,800,1700,1000
21/Jan/2015,JODHPUR(RAJ),615,800,1600,1200
22/Jan/2015,JODHPUR(RAJ),2005,800,1200,1000
23/Jan/2015,JODHPUR(RAJ),2000,800,1200,1000
27/Jan/2015,JODHPUR(RAJ),230,800,1400,1100
28/Jan/2015,JODHPUR(RAJ),230,800,1200,1000
29/Jan/2015,JODHPUR(RAJ),625,800,1200,1000
30/Jan/2015,JODHPUR(RAJ),295,800,1200,1000
19/Jan/2015,KALVAN(MS),7000,300,1500,1200
20/Jan/2015,KALVAN(MS),6000,300,1475,1150
01/Jan/2015,KANPUR(UP),2150,1615,1615,1615
02/Jan/2015,KANPUR(UP),2100,1650,1650,1650
03/Jan/2015,KANPUR(UP),2000,1675,1675,1675
07/Jan/2015,KANPUR(UP),2100,1615,1615,1615
08/Jan/2015,KANPUR(UP),2000,1650,1650,1650
09/Jan/2015,KANPUR(UP),2100,1510,1510,1510
10/Jan/2015,KANPUR(UP),2160,1505,1505,1505
12/Jan/2015,KANPUR(UP),2150,1500,1500,1500
13/Jan/2015,KANPUR(UP),2250,1500,1500,1500
15/Jan/2015,KANPUR(UP),2015,1500,1500,1500
16/Jan/2015,KANPUR(UP),2100,1525,1525,1525
17/Jan/2015,KANPUR(UP),2200,1515,1515,1515
19/Jan/2015,KANPUR(UP),2300,1500,1500,1500
20/Jan/2015,KANPUR(UP),2450,1480,1480,1480
21/Jan/2015,KANPUR(UP),2200,1500,1500,1500
22/Jan/2015,KANPUR(UP),2300,1480,1480,1480
23/Jan/2015,KANPUR(UP),2500,1475,1475,1475
27/Jan/2015,KANPUR(UP),2600,1460,1460,1460
28/Jan/2015,KANPUR(UP),2700,1450,1450,1450
31/Jan/2015,KANPUR(UP),3500,1460,1460,1460
01/Jan/2015,KARNAL(HR),200,1600,1700,1650
02/Jan/2015,KARNAL(HR),250,1600,1700,1650
03/Jan/2015,KARNAL(HR),250,1600,1700,1650
05/Jan/2015,KARNAL(HR),300,1400,1500,1450
06/Jan/2015,KARNAL(HR),300,1400,1500,1450
07/Jan/2015,KARNAL(HR),300,1500,1600,1550
08/Jan/2015,KARNAL(HR),300,1500,1600,1550
09/Jan/2015,KARNAL(HR),250,1500,1600,1550
12/Jan/2015,KARNAL(HR),300,1500,1600,1550
13/Jan/2015,KARNAL(HR),400,1300,1400,1350
14/Jan/2015,KARNAL(HR),300,1300,1400,1350
15/Jan/2015,KARNAL(HR),300,1600,1700,1650
16/Jan/2015,KARNAL(HR),250,1600,1700,1650
17/Jan/2015,KARNAL(HR),250,1600,1700,1650
19/Jan/2015,KARNAL(HR),300,1500,1600,1550
20/Jan/2015,KARNAL(HR),300,1500,1600,1550
21/Jan/2015,KARNAL(HR),250,1500,1600,1550
22/Jan/2015,KARNAL(HR),300,1500,1600,1550
23/Jan/2015,KARNAL(HR),300,1500,1600,1550
24/Jan/2015,KARNAL(HR),250,1500,1600,1550
27/Jan/2015,KARNAL(HR),500,1500,1600,1550
28/Jan/2015,KARNAL(HR),800,1500,1600,1550
29/Jan/2015,KARNAL(HR),700,1500,1600,1550
30/Jan/2015,KARNAL(HR),700,1500,1600,1550
31/Jan/2015,KARNAL(HR),300,1500,1600,1550
01/Jan/2015,KHANNA(PB),235,1200,1700,1400
02/Jan/2015,KHANNA(PB),190,1000,1600,1300
05/Jan/2015,KHANNA(PB),546,1100,1700,1400
06/Jan/2015,KHANNA(PB),384,1100,1600,1300
07/Jan/2015,KHANNA(PB),532,1200,1700,1400
08/Jan/2015,KHANNA(PB),250,1200,1600,1400
09/Jan/2015,KHANNA(PB),189,1200,1600,1450
10/Jan/2015,KHANNA(PB),485,1200,1600,1400
12/Jan/2015,KHANNA(PB),830,1200,1600,1400
13/Jan/2015,KHANNA(PB),760,1100,1500,1300
16/Jan/2015,KHANNA(PB),440,1200,1600,1400
17/Jan/2015,KHANNA(PB),385,1200,1600,1400
19/Jan/2015,KHANNA(PB),320,1100,1600,1400
20/Jan/2015,KHANNA(PB),170,1200,1400,1300
27/Jan/2015,KHANNA(PB),470,1100,1400,1200
28/Jan/2015,KHANNA(PB),437,1100,1400,1250
29/Jan/2015,KHANNA(PB),149,1100,1400,1200
01/Jan/2015,KOLHAPUR(MS),6549,300,2000,1200
02/Jan/2015,KOLHAPUR(MS),6164,300,2000,1300
03/Jan/2015,KOLHAPUR(MS),2937,300,2000,1300
05/Jan/2015,KOLHAPUR(MS),3861,500,2100,1300
06/Jan/2015,KOLHAPUR(MS),6325,300,1900,1300
07/Jan/2015,KOLHAPUR(MS),4926,300,2100,1300
08/Jan/2015,KOLHAPUR(MS),6292,300,2000,1300
09/Jan/2015,KOLHAPUR(MS),4298,300,1900,1200
17/Jan/2015,KOLHAPUR(MS),2462,200,2010,1400
19/Jan/2015,KOLHAPUR(MS),5405,300,2000,1500
20/Jan/2015,KOLHAPUR(MS),3919,300,2100,1300
21/Jan/2015,KOLHAPUR(MS),5312,400,1850,1100
22/Jan/2015,KOLHAPUR(MS),6303,300,1800,1200
23/Jan/2015,KOLHAPUR(MS),6246,300,1900,1200
24/Jan/2015,KOLHAPUR(MS),4447,300,1750,1200
27/Jan/2015,KOLHAPUR(MS),7250,300,1850,1300
28/Jan/2015,KOLHAPUR(MS),4356,300,1950,1400
29/Jan/2015,KOLHAPUR(MS),3670,300,1750,1300
30/Jan/2015,KOLHAPUR(MS),5649,300,1800,1300
31/Jan/2015,KOLHAPUR(MS),4264,500,1800,1200
01/Jan/2015,KOLKATA,960,2000,2250,2125
02/Jan/2015,KOLKATA,1920,1875,2125,2000
03/Jan/2015,KOLKATA,2080,1750,2000,1875
05/Jan/2015,KOLKATA,31660,1625,1750,1688
06/Jan/2015,KOLKATA,16000,1650,1775,1713
07/Jan/2015,KOLKATA,30560,1375,1500,1438
08/Jan/2015,KOLKATA,15680,1400,1563,1482
09/Jan/2015,KOLKATA,4800,1500,1750,1625
12/Jan/2015,KOLKATA,320,1750,1875,1813
13/Jan/2015,KOLKATA,800,2000,2200,2100
14/Jan/2015,KOLKATA,16800,1875,2125,2000
15/Jan/2015,KOLKATA,3360,1900,2150,2025
16/Jan/2015,KOLKATA,17880,1625,1750,1682
17/Jan/2015,KOLKATA,1600,1650,1775,1715
19/Jan/2015,KOLKATA,16000,1500,1750,1625
20/Jan/2015,KOLKATA,31520,1500,1625,1563
21/Jan/2015,KOLKATA,30400,1550,1700,1625
22/Jan/2015,KOLKATA,15200,1625,1750,1678
27/Jan/2015,KOLKATA,31520,1500,1750,1625
29/Jan/2015,KOLKATA,15200,1750,1875,1813
30/Jan/2015,KOLKATA,15520,1700,1850,1775
31/Jan/2015,KOLKATA,15200,600,630,615
03/Jan/2015,KOPERGAON(MS),283,300,1450,1250
14/Jan/2015,KOPERGAON(MS),1070,250,1435,1100
21/Jan/2015,KOPERGAON(MS),767,300,1650,1300
24/Jan/2015,KOPERGAON(MS),659,400,1500,1210
28/Jan/2015,KOPERGAON(MS),607,300,1500,1350
02/Jan/2015,KURNOOL(AP),281,400,1725,1205
03/Jan/2015,KURNOOL(AP),432,755,1635,1200
05/Jan/2015,KURNOOL(AP),448,780,1600,1300
06/Jan/2015,KURNOOL(AP),353,705,1530,1295
07/Jan/2015,KURNOOL(AP),315,665,1320,1170
08/Jan/2015,KURNOOL(AP),146,720,1245,1100
09/Jan/2015,KURNOOL(AP),198,485,1295,1075
10/Jan/2015,KURNOOL(AP),214,750,1605,1555
12/Jan/2015,KURNOOL(AP),130,740,1540,1215
13/Jan/2015,KURNOOL(AP),162,670,1495,1000
17/Jan/2015,KURNOOL(AP),61,700,1250,1000
19/Jan/2015,KURNOOL(AP),301,770,1560,1390
21/Jan/2015,KURNOOL(AP),344,800,1505,1340
22/Jan/2015,KURNOOL(AP),187,670,1590,1305
23/Jan/2015,KURNOOL(AP),211,730,1490,1220
24/Jan/2015,KURNOOL(AP),56,600,1280,1115
27/Jan/2015,KURNOOL(AP),281,880,1560,1250
28/Jan/2015,KURNOOL(AP),175,835,1370,1145
29/Jan/2015,KURNOOL(AP),88,1185,1525,1215
30/Jan/2015,KURNOOL(AP),175,1185,1490,1355
31/Jan/2015,KURNOOL(AP),157,1130,1560,1385
01/Jan/2015,LASALGAON(MS),20514,600,1590,1300
02/Jan/2015,LASALGAON(MS),19393,700,1569,1375
03/Jan/2015,LASALGAON(MS),10871,500,1462,1301
05/Jan/2015,LASALGAON(MS),20532,1000,1590,1325
06/Jan/2015,LASALGAON(MS),19665,500,1674,1341
07/Jan/2015,LASALGAON(MS),18615,700,1634,1325
08/Jan/2015,LASALGAON(MS),21084,700,1576,1340
09/Jan/2015,LASALGAON(MS),22466,700,1575,1275
10/Jan/2015,LASALGAON(MS),11312,700,1551,1275
12/Jan/2015,LASALGAON(MS),24858,700,1550,1250
13/Jan/2015,LASALGAON(MS),23132,500,1515,1260
14/Jan/2015,LASALGAON(MS),20969,600,1518,1260
15/Jan/2015,LASALGAON(MS),18735,500,1551,1250
17/Jan/2015,LASALGAON(MS),12261,700,1571,1290
19/Jan/2015,LASALGAON(MS),26285,900,1660,1300
21/Jan/2015,LASALGAON(MS),24528,600,1612,1260
22/Jan/2015,LASALGAON(MS),21107,600,1620,1240
23/Jan/2015,LASALGAON(MS),22967,500,1600,1260
24/Jan/2015,LASALGAON(MS),15273,600,1502,1251
27/Jan/2015,LASALGAON(MS),19632,700,1501,1270
28/Jan/2015,LASALGAON(MS),14148,700,1500,1275
29/Jan/2015,LASALGAON(MS),16269,700,1590,1375
30/Jan/2015,LASALGAON(MS),17952,700,1600,1425
31/Jan/2015,LASALGAON(MS),8729,700,1610,1400
01/Jan/2015,LONAND(MS),1623,700,1500,1100
08/Jan/2015,LONAND(MS),1307,0,0,0
15/Jan/2015,LONAND(MS),902,600,1550,1150
19/Jan/2015,LONAND(MS),1314,600,1725,1300
22/Jan/2015,LONAND(MS),2594,700,1751,1400
26/Jan/2015,LONAND(MS),1678,600,1551,1200
29/Jan/2015,LONAND(MS),2983,700,1550,1200
01/Jan/2015,LUCKNOW,1600,1700,1900,1800
02/Jan/2015,LUCKNOW,1350,1800,1900,1850
06/Jan/2015,LUCKNOW,1100,1700,1900,1800
07/Jan/2015,LUCKNOW,1140,1700,1900,1825
08/Jan/2015,LUCKNOW,1300,1700,1900,1800
09/Jan/2015,LUCKNOW,1370,1700,1900,1800
10/Jan/2015,LUCKNOW,1390,1700,1900,1800
12/Jan/2015,LUCKNOW,1100,1750,1900,1825
13/Jan/2015,LUCKNOW,980,1600,1800,1700
14/Jan/2015,LUCKNOW,1190,1600,1850,1700
15/Jan/2015,LUCKNOW,1370,1700,1850,1750
16/Jan/2015,LUCKNOW,1500,1700,1900,1800
19/Jan/2015,LUCKNOW,2200,1600,1700,1650
20/Jan/2015,LUCKNOW,1300,1500,1750,1600
21/Jan/2015,LUCKNOW,2200,1500,1750,1600
22/Jan/2015,LUCKNOW,2300,1500,1650,1550
23/Jan/2015,LUCKNOW,2200,1500,1700,1600
27/Jan/2015,LUCKNOW,2800,1500,1650,1575
28/Jan/2015,LUCKNOW,2900,1500,1650,1575
29/Jan/2015,LUCKNOW,2300,1500,1600,1565
31/Jan/2015,LUCKNOW,2225,1500,1600,1550
01/Jan/2015,LUDHIANA(PB),2200,1200,1600,1400
02/Jan/2015,LUDHIANA(PB),2710,1000,1600,1300
03/Jan/2015,LUDHIANA(PB),2130,800,1600,1200
05/Jan/2015,LUDHIANA(PB),2010,800,1600,1200
06/Jan/2015,LUDHIANA(PB),460,900,1600,1250
07/Jan/2015,LUDHIANA(PB),2570,900,1600,1250
08/Jan/2015,LUDHIANA(PB),1790,1000,1600,1300
09/Jan/2015,LUDHIANA(PB),760,800,1500,1150
13/Jan/2015,LUDHIANA(PB),2720,800,1500,1150
14/Jan/2015,LUDHIANA(PB),870,800,1500,1150
15/Jan/2015,LUDHIANA(PB),980,800,1600,1200
16/Jan/2015,LUDHIANA(PB),1820,900,1200,1050
17/Jan/2015,LUDHIANA(PB),890,900,1500,1200
19/Jan/2015,LUDHIANA(PB),950,900,1500,1200
20/Jan/2015,LUDHIANA(PB),1650,900,1500,1200
28/Jan/2015,LUDHIANA(PB),1850,1000,1500,1250
29/Jan/2015,LUDHIANA(PB),1850,1000,1500,1250
30/Jan/2015,LUDHIANA(PB),1850,1000,1500,1250
31/Jan/2015,LUDHIANA(PB),2750,900,1600,1250
01/Jan/2015,MAHUVA(GUJ),23310,755,1275,1015
02/Jan/2015,MAHUVA(GUJ),26875,750,1375,1063
03/Jan/2015,MAHUVA(GUJ),27686,755,1230,993
05/Jan/2015,MAHUVA(GUJ),23532,755,1390,1073
06/Jan/2015,MAHUVA(GUJ),30682,755,1300,1028
07/Jan/2015,MAHUVA(GUJ),31317,825,1350,1088
08/Jan/2015,MAHUVA(GUJ),38621,825,1200,1013
09/Jan/2015,MAHUVA(GUJ),35414,825,1345,1085
12/Jan/2015,MAHUVA(GUJ),44794,500,1105,803
13/Jan/2015,MAHUVA(GUJ),19567,800,1225,1013
15/Jan/2015,MAHUVA(GUJ),10302,775,1310,1043
16/Jan/2015,MAHUVA(GUJ),5506,800,1210,1005
17/Jan/2015,MAHUVA(GUJ),34555,850,1250,1050
19/Jan/2015,MAHUVA(GUJ),56729,850,1125,988
20/Jan/2015,MAHUVA(GUJ),52017,755,1150,953
21/Jan/2015,MAHUVA(GUJ),51735,755,1125,940
22/Jan/2015,MAHUVA(GUJ),51442,755,1175,965
23/Jan/2015,MAHUVA(GUJ),35384,755,1200,978
24/Jan/2015,MAHUVA(GUJ),19292,755,1345,1050
27/Jan/2015,MAHUVA(GUJ),26582,875,1340,1108
28/Jan/2015,MAHUVA(GUJ),31321,905,1415,1160
29/Jan/2015,MAHUVA(GUJ),35204,800,1370,1085
30/Jan/2015,MAHUVA(GUJ),37627,1000,1360,1180
31/Jan/2015,MAHUVA(GUJ),52913,900,1315,1108
01/Jan/2015,MALEGAON(MS),1200,701,1402,1150
02/Jan/2015,MALEGAON(MS),8000,700,1460,1300
05/Jan/2015,MALEGAON(MS),7000,455,1360,1175
06/Jan/2015,MALEGAON(MS),16000,661,1420,1241
07/Jan/2015,MALEGAON(MS),15000,661,1452,1150
08/Jan/2015,MALEGAON(MS),14500,500,1351,1112
09/Jan/2015,MALEGAON(MS),12500,651,1421,1150
12/Jan/2015,MALEGAON(MS),15000,751,1450,1150
13/Jan/2015,MALEGAON(MS),14000,601,1335,1000
14/Jan/2015,MALEGAON(MS),15000,731,1500,1250
21/Jan/2015,MALEGAON(MS),15000,701,1461,1200
22/Jan/2015,MALEGAON(MS),14000,700,1455,1200
23/Jan/2015,MALEGAON(MS),14000,751,1551,1250
27/Jan/2015,MALEGAON(MS),15000,761,1435,1250
28/Jan/2015,MALEGAON(MS),12000,600,1500,1250
29/Jan/2015,MALEGAON(MS),13000,300,1350,1100
01/Jan/2015,MANMAD(MS),9946,600,1398,1230
02/Jan/2015,MANMAD(MS),7500,700,1462,1300
05/Jan/2015,MANMAD(MS),14780,750,1400,1300
06/Jan/2015,MANMAD(MS),14250,300,1481,1250
07/Jan/2015,MANMAD(MS),15448,461,1380,1250
08/Jan/2015,MANMAD(MS),12291,651,1381,1210
09/Jan/2015,MANMAD(MS),10000,400,1263,1150
12/Jan/2015,MANMAD(MS),15478,400,1292,1125
13/Jan/2015,MANMAD(MS),15547,355,1295,1130
14/Jan/2015,MANMAD(MS),16163,400,1347,1200
15/Jan/2015,MANMAD(MS),8000,400,1360,1250
19/Jan/2015,MANMAD(MS),11130,500,1418,1250
21/Jan/2015,MANMAD(MS),18968,499,1410,1250
22/Jan/2015,MANMAD(MS),14268,500,1469,1230
23/Jan/2015,MANMAD(MS),11000,500,1412,1250
27/Jan/2015,MANMAD(MS),14444,300,1420,1240
28/Jan/2015,MANMAD(MS),15285,300,1470,1250
29/Jan/2015,MANMAD(MS),11472,351,1400,1275
30/Jan/2015,MANMAD(MS),9500,300,1452,1260
01/Jan/2015,MUMBAI,11750,1200,2000,1600
02/Jan/2015,MUMBAI,9350,1200,1800,1500
03/Jan/2015,MUMBAI,9500,1100,1900,1500
05/Jan/2015,MUMBAI,16000,1100,1800,1450
06/Jan/2015,MUMBAI,12320,1200,1800,1500
07/Jan/2015,MUMBAI,20480,1200,1800,1500
08/Jan/2015,MUMBAI,10500,1100,1700,1400
09/Jan/2015,MUMBAI,11400,1300,1700,1500
10/Jan/2015,MUMBAI,14050,1200,1400,1300
12/Jan/2015,MUMBAI,13000,1200,1600,1400
13/Jan/2015,MUMBAI,13500,1300,1700,1500
14/Jan/2015,MUMBAI,13150,1300,1700,1500
15/Jan/2015,MUMBAI,6100,1100,1600,1350
16/Jan/2015,MUMBAI,14900,1200,1600,1400
19/Jan/2015,MUMBAI,15300,900,1600,1250
20/Jan/2015,MUMBAI,9350,1100,1600,1350
21/Jan/2015,MUMBAI,10650,1000,1600,1300
22/Jan/2015,MUMBAI,8150,1300,1650,1475
23/Jan/2015,MUMBAI,12700,1200,1700,1450
27/Jan/2015,MUMBAI,11600,1000,1700,1500
28/Jan/2015,MUMBAI,11150,1200,1700,1450
29/Jan/2015,MUMBAI,10500,1300,1600,1450
30/Jan/2015,MUMBAI,8500,1350,1650,1500
31/Jan/2015,MUMBAI,14560,1400,1600,1500
01/Jan/2015,NAGPUR,5787,700,1600,1150
03/Jan/2015,NAGPUR,6091,700,1500,1100
05/Jan/2015,NAGPUR,6572,700,1500,1100
06/Jan/2015,NAGPUR,5474,750,1600,1200
07/Jan/2015,NAGPUR,3620,750,1600,1200
08/Jan/2015,NAGPUR,6105,800,1500,1150
10/Jan/2015,NAGPUR,5758,800,1500,1150
11/Jan/2015,NAGPUR,4000,800,1500,1150
12/Jan/2015,NAGPUR,3514,800,1500,1150
13/Jan/2015,NAGPUR,4550,800,1400,1100
14/Jan/2015,NAGPUR,5470,800,1400,1100
15/Jan/2015,NAGPUR,6110,800,1400,1100
17/Jan/2015,NAGPUR,4434,800,1400,1100
18/Jan/2015,NAGPUR,4582,800,1500,1150
19/Jan/2015,NAGPUR,2813,800,1500,1150
20/Jan/2015,NAGPUR,4210,800,1500,1150
21/Jan/2015,NAGPUR,4214,800,1600,1200
22/Jan/2015,NAGPUR,6133,800,1600,1200
24/Jan/2015,NAGPUR,6762,850,1600,1225
25/Jan/2015,NAGPUR,6705,875,1500,1187
27/Jan/2015,NAGPUR,5284,875,1500,1187
28/Jan/2015,NAGPUR,4022,800,1400,1100
29/Jan/2015,NAGPUR,4818,800,1400,1100
31/Jan/2015,NAGPUR,4806,800,1400,1100
03/Jan/2015,NEWASA(MS),13671,200,1700,1300
05/Jan/2015,NEWASA(MS),10702,200,1700,1300
07/Jan/2015,NEWASA(MS),15256,200,1800,1400
08/Jan/2015,NEWASA(MS),15256,200,1800,1400
10/Jan/2015,NEWASA(MS),18054,100,1500,1200
12/Jan/2015,NEWASA(MS),15196,100,1500,1200
14/Jan/2015,NEWASA(MS),17637,100,1500,1200
17/Jan/2015,NEWASA(MS),11952,200,1600,1400
19/Jan/2015,NEWASA(MS),18024,200,1700,1300
21/Jan/2015,NEWASA(MS),26545,300,1800,1400
24/Jan/2015,NEWASA(MS),22962,200,1700,1200
26/Jan/2015,NEWASA(MS),12023,200,1600,1200
28/Jan/2015,NEWASA(MS),18584,200,1600,1200
31/Jan/2015,NEWASA(MS),13630,300,2000,1500
01/Jan/2015,PALAYAM(KER),500,2000,2300,2200
05/Jan/2015,PALAYAM(KER),500,2000,2400,2200
06/Jan/2015,PALAYAM(KER),400,1900,2200,2100
07/Jan/2015,PALAYAM(KER),450,2000,2300,2200
08/Jan/2015,PALAYAM(KER),500,2000,2300,2200
09/Jan/2015,PALAYAM(KER),400,2100,2400,2300
12/Jan/2015,PALAYAM(KER),500,2100,2400,2300
13/Jan/2015,PALAYAM(KER),500,1900,2200,2100
14/Jan/2015,PALAYAM(KER),500,1900,2200,2100
16/Jan/2015,PALAYAM(KER),500,2000,2300,2200
17/Jan/2015,PALAYAM(KER),500,1900,2200,2100
19/Jan/2015,PALAYAM(KER),500,1900,2200,2100
20/Jan/2015,PALAYAM(KER),400,1900,2200,2100
21/Jan/2015,PALAYAM(KER),400,1900,2200,2100
22/Jan/2015,PALAYAM(KER),500,1900,2200,2100
23/Jan/2015,PALAYAM(KER),500,1900,2200,2100
24/Jan/2015,PALAYAM(KER),500,1900,2200,2100
28/Jan/2015,PALAYAM(KER),500,1900,2200,2100
29/Jan/2015,PALAYAM(KER),500,1900,2200,2100
01/Jan/2015,PATIALA(PB),350,1400,2000,1600
03/Jan/2015,PATIALA(PB),300,1000,2000,1500
06/Jan/2015,PATIALA(PB),350,1000,2000,1500
07/Jan/2015,PATIALA(PB),300,1200,1800,1600
08/Jan/2015,PATIALA(PB),350,1200,1900,1600
10/Jan/2015,PATIALA(PB),300,1200,1800,1500
12/Jan/2015,PATIALA(PB),300,1200,1800,1500
14/Jan/2015,PATIALA(PB),350,1200,1800,1500
15/Jan/2015,PATIALA(PB),300,1200,1800,1500
16/Jan/2015,PATIALA(PB),320,1200,1800,1500
17/Jan/2015,PATIALA(PB),310,1000,1800,1500
19/Jan/2015,PATIALA(PB),400,1000,1800,1400
20/Jan/2015,PATIALA(PB),250,1000,1800,1400
23/Jan/2015,PATIALA(PB),500,1000,1800,1400
27/Jan/2015,PATIALA(PB),300,1200,1800,1500
30/Jan/2015,PATIALA(PB),300,1200,2000,1500
01/Jan/2015,PATNA,3000,1800,2000,1900
02/Jan/2015,PATNA,1200,1800,1900,1850
03/Jan/2015,PATNA,2000,1700,1800,1750
05/Jan/2015,PATNA,500,1700,1800,1750
06/Jan/2015,PATNA,1200,1650,1750,1700
08/Jan/2015,PATNA,2250,1600,1700,1650
09/Jan/2015,PATNA,1950,1500,1600,1550
10/Jan/2015,PATNA,1500,1600,1700,1650
12/Jan/2015,PATNA,450,1500,1600,1550
13/Jan/2015,PATNA,1500,1550,1650,1600
14/Jan/2015,PATNA,750,1550,1650,1600
15/Jan/2015,PATNA,800,1500,1650,1575
16/Jan/2015,PATNA,1000,1500,1700,1600
17/Jan/2015,PATNA,1200,1650,1700,1675
19/Jan/2015,PATNA,600,1650,1750,1700
20/Jan/2015,PATNA,600,1650,1750,1700
21/Jan/2015,PATNA,800,1600,1650,1625
22/Jan/2015,PATNA,4000,1500,1550,1525
23/Jan/2015,PATNA,2000,1500,1550,1525
24/Jan/2015,PATNA,1000,1500,1550,1525
27/Jan/2015,PATNA,400,1500,1600,1550
28/Jan/2015,PATNA,600,1600,1700,1650
29/Jan/2015,PATNA,2000,1700,1800,1750
30/Jan/2015,PATNA,2200,1700,1750,1725
31/Jan/2015,PATNA,600,1700,1800,1750
14/Jan/2015,PHALTAN (MS),1032,300,1551,1000
21/Jan/2015,PHALTAN (MS),1125,400,1700,1000
01/Jan/2015,PIMPALGAON(MS),15000,600,1400,1150
02/Jan/2015,PIMPALGAON(MS),8500,800,1489,1251
05/Jan/2015,PIMPALGAON(MS),19551,400,1574,1201
06/Jan/2015,PIMPALGAON(MS),12976,500,1602,1170
07/Jan/2015,PIMPALGAON(MS),22321,500,1583,1201
08/Jan/2015,PIMPALGAON(MS),21536,500,1574,1260
09/Jan/2015,PIMPALGAON(MS),23500,800,1340,1201
12/Jan/2015,PIMPALGAON(MS),26420,800,1340,1151
13/Jan/2015,PIMPALGAON(MS),24303,600,1512,1111
14/Jan/2015,PIMPALGAON(MS),23940,800,1350,1150
15/Jan/2015,PIMPALGAON(MS),16800,725,1381,1151
19/Jan/2015,PIMPALGAON(MS),21978,500,1562,1251
21/Jan/2015,PIMPALGAON(MS),20500,850,1462,1210
22/Jan/2015,PIMPALGAON(MS),22747,550,1575,1201
23/Jan/2015,PIMPALGAON(MS),17500,750,1325,1150
27/Jan/2015,PIMPALGAON(MS),19342,400,1481,1225
28/Jan/2015,PIMPALGAON(MS),22250,820,1500,1275
29/Jan/2015,PIMPALGAON(MS),17929,500,1517,1300
30/Jan/2015,PIMPALGAON(MS),19714,550,1554,1351
01/Jan/2015,PUNE(MS),17261,700,1700,1200
02/Jan/2015,PUNE(MS),16118,700,1800,1250
05/Jan/2015,PUNE(MS),18677,700,1800,1250
06/Jan/2015,PUNE(MS),17151,800,1500,1150
07/Jan/2015,PUNE(MS),14949,800,1900,1350
08/Jan/2015,PUNE(MS),16626,700,1800,1250
09/Jan/2015,PUNE(MS),22392,800,1800,1300
11/Jan/2015,PUNE(MS),25151,600,1600,1100
12/Jan/2015,PUNE(MS),19097,700,1500,1100
13/Jan/2015,PUNE(MS),17271,600,1800,1200
14/Jan/2015,PUNE(MS),12869,700,1700,1250
16/Jan/2015,PUNE(MS),18556,700,1700,1200
18/Jan/2015,PUNE(MS),20186,600,1800,1200
19/Jan/2015,PUNE(MS),17864,600,1600,1100
20/Jan/2015,PUNE(MS),19925,700,1700,1200
21/Jan/2015,PUNE(MS),21020,700,1600,1150
22/Jan/2015,PUNE(MS),22366,600,1500,1050
23/Jan/2015,PUNE(MS),26674,600,1500,1050
27/Jan/2015,PUNE(MS),21835,700,1600,1150
28/Jan/2015,PUNE(MS),23042,700,1600,1150
29/Jan/2015,PUNE(MS),23391,700,1600,1150
30/Jan/2015,PUNE(MS),22056,700,1500,1100
02/Jan/2015,PURULIA(WB),90,2000,2300,2200
03/Jan/2015,PURULIA(WB),120,2100,2400,2300
05/Jan/2015,PURULIA(WB),100,1800,2000,2000
06/Jan/2015,PURULIA(WB),140,1900,2200,2000
07/Jan/2015,PURULIA(WB),120,1700,2000,1800
08/Jan/2015,PURULIA(WB),140,1650,1950,1800
09/Jan/2015,PURULIA(WB),140,1500,1800,1700
12/Jan/2015,PURULIA(WB),120,1600,1800,1700
13/Jan/2015,PURULIA(WB),140,1600,1800,1700
14/Jan/2015,PURULIA(WB),140,1700,2000,1800
16/Jan/2015,PURULIA(WB),120,1800,2000,1900
17/Jan/2015,PURULIA(WB),140,1700,1900,1800
19/Jan/2015,PURULIA(WB),160,1600,1800,1700
21/Jan/2015,PURULIA(WB),120,1700,1800,1800
22/Jan/2015,PURULIA(WB),100,1700,1800,1800
23/Jan/2015,PURULIA(WB),140,1700,1900,1800
24/Jan/2015,PURULIA(WB),140,1600,1800,1600
28/Jan/2015,PURULIA(WB),120,1600,1800,1700
29/Jan/2015,PURULIA(WB),120,1600,1700,1600
30/Jan/2015,PURULIA(WB),140,1600,1700,1600
31/Jan/2015,PURULIA(WB),130,1600,1800,1700
02/Jan/2015,RAHATA(MS),4201,400,1750,1150
09/Jan/2015,RAHATA(MS),5718,300,1500,1150
11/Jan/2015,RAHATA(MS),5671,300,1600,1150
13/Jan/2015,RAHATA(MS),8338,200,1500,1050
16/Jan/2015,RAHATA(MS),3613,300,1550,1150
20/Jan/2015,RAHATA(MS),6771,300,1800,1050
23/Jan/2015,RAHATA(MS),8952,300,1750,1250
25/Jan/2015,RAHATA(MS),5860,300,1700,1250
27/Jan/2015,RAHATA(MS),5772,300,1750,1250
30/Jan/2015,RAHATA(MS),4376,400,1900,1350
05/Jan/2015,RAHURI(MS),234,421,1711,1410
06/Jan/2015,RAHURI(MS),4770,100,1700,900
09/Jan/2015,RAHURI(MS),6610,100,1700,900
11/Jan/2015,RAHURI(MS),3680,100,1600,800
13/Jan/2015,RAHURI(MS),7125,100,1700,900
16/Jan/2015,RAHURI(MS),3950,100,1600,850
23/Jan/2015,RAHURI(MS),11515,100,1700,900
25/Jan/2015,RAHURI(MS),4125,100,1500,800
27/Jan/2015,RAHURI(MS),6100,100,1500,800
02/Jan/2015,RAICHUR(KNT),489,500,1551,1190
03/Jan/2015,RAICHUR(KNT),315,500,1411,1031
06/Jan/2015,RAICHUR(KNT),216,510,1681,1460
07/Jan/2015,RAICHUR(KNT),409,500,1715,1470
08/Jan/2015,RAICHUR(KNT),142,500,1620,1570
09/Jan/2015,RAICHUR(KNT),289,510,1670,1380
10/Jan/2015,RAICHUR(KNT),562,500,1600,1220
13/Jan/2015,RAICHUR(KNT),816,500,1501,1250
17/Jan/2015,RAICHUR(KNT),442,550,1490,1280
19/Jan/2015,RAICHUR(KNT),504,500,1530,1330
21/Jan/2015,RAICHUR(KNT),345,550,1650,1550
22/Jan/2015,RAICHUR(KNT),144,600,1431,1250
23/Jan/2015,RAICHUR(KNT),347,510,1540,1170
24/Jan/2015,RAICHUR(KNT),410,600,1560,1261
27/Jan/2015,RAICHUR(KNT),165,600,1660,1485
28/Jan/2015,RAICHUR(KNT),324,500,1550,1440
29/Jan/2015,RAICHUR(KNT),143,455,1440,1341
30/Jan/2015,RAICHUR(KNT),223,500,1510,1350
31/Jan/2015,RAICHUR(KNT),286,460,1421,1325
01/Jan/2015,RAIPUR(CHGARH),600,1400,1700,1600
03/Jan/2015,RAIPUR(CHGARH),680,1300,1600,1500
05/Jan/2015,RAIPUR(CHGARH),600,1400,1600,1500
06/Jan/2015,RAIPUR(CHGARH),550,1400,1700,1600
07/Jan/2015,RAIPUR(CHGARH),590,1300,1700,1600
08/Jan/2015,RAIPUR(CHGARH),590,1300,1700,1600
10/Jan/2015,RAIPUR(CHGARH),560,1400,1700,1600
17/Jan/2015,RAIPUR(CHGARH),610,1200,1400,1300
19/Jan/2015,RAIPUR(CHGARH),640,1000,1400,1300
21/Jan/2015,RAIPUR(CHGARH),620,1200,1400,1300
27/Jan/2015,RAIPUR(CHGARH),600,1200,1500,1400
28/Jan/2015,RAIPUR(CHGARH),650,1000,1500,1400
30/Jan/2015,RAIPUR(CHGARH),570,1300,1500,1400
01/Jan/2015,RAJKOT(GUJ),1300,400,1255,1000
02/Jan/2015,RAJKOT(GUJ),1200,400,1205,950
03/Jan/2015,RAJKOT(GUJ),1400,500,1305,1050
05/Jan/2015,RAJKOT(GUJ),1300,500,1305,1000
06/Jan/2015,RAJKOT(GUJ),1500,400,1275,875
07/Jan/2015,RAJKOT(GUJ),1000,425,1225,925
08/Jan/2015,RAJKOT(GUJ),1500,455,1325,1000
09/Jan/2015,RAJKOT(GUJ),1450,375,1200,875
10/Jan/2015,RAJKOT(GUJ),1300,400,1275,975
12/Jan/2015,RAJKOT(GUJ),1300,425,1155,950
13/Jan/2015,RAJKOT(GUJ),1200,300,1155,925
15/Jan/2015,RAJKOT(GUJ),700,350,1225,925
16/Jan/2015,RAJKOT(GUJ),720,325,1105,925
17/Jan/2015,RAJKOT(GUJ),1000,425,1225,950
19/Jan/2015,RAJKOT(GUJ),1600,255,1225,725
23/Jan/2015,RAJKOT(GUJ),750,405,1205,975
24/Jan/2015,RAJKOT(GUJ),1250,425,1305,1050
27/Jan/2015,RAJKOT(GUJ),1200,425,1225,950
28/Jan/2015,RAJKOT(GUJ),1100,450,1155,925
29/Jan/2015,RAJKOT(GUJ),1300,425,1255,1000
30/Jan/2015,RAJKOT(GUJ),1100,350,1225,950
31/Jan/2015,RAJKOT(GUJ),1000,425,1225,950
07/Jan/2015,RANCHI(JH),3357,1625,1950,1800
08/Jan/2015,RANCHI(JH),2281,1600,2000,1800
09/Jan/2015,RANCHI(JH),522,1500,1900,1750
10/Jan/2015,RANCHI(JH),1090,1500,1900,1750
12/Jan/2015,RANCHI(JH),1581,1500,1900,1700
13/Jan/2015,RANCHI(JH),2823,1400,1850,1700
15/Jan/2015,RANCHI(JH),2286,1450,1825,1700
16/Jan/2015,RANCHI(JH),1355,1450,1825,1700
17/Jan/2015,RANCHI(JH),3662,1400,1875,1700
21/Jan/2015,RANCHI(JH),1837,1300,1750,1500
22/Jan/2015,RANCHI(JH),814,1300,1750,1500
27/Jan/2015,RANCHI(JH),3006,1300,1700,1500
29/Jan/2015,RANCHI(JH),2520,1300,1675,1500
30/Jan/2015,RANCHI(JH),2144,1300,1575,1420
31/Jan/2015,RANCHI(JH),1790,1300,1550,1400
08/Jan/2015,SAGAR(MP),295,1000,1200,1100
09/Jan/2015,SAGAR(MP),145,1000,1200,1100
16/Jan/2015,SAGAR(MP),150,600,1000,800
19/Jan/2015,SAGAR(MP),137,700,900,800
21/Jan/2015,SAGAR(MP),151,700,900,800
24/Jan/2015,SAGAR(MP),136,700,900,800
29/Jan/2015,SAGAR(MP),261,700,900,800
05/Jan/2015,SAIKHEDA(MS),4498,300,1370,1050
07/Jan/2015,SAIKHEDA(MS),4598,300,1401,1100
12/Jan/2015,SAIKHEDA(MS),7503,400,1335,1050
23/Jan/2015,SAIKHEDA(MS),8761,400,1356,1050
02/Jan/2015,SANGAMNER(MS),11655,500,1801,1150
04/Jan/2015,SANGAMNER(MS),8914,500,1851,1175
08/Jan/2015,SANGAMNER(MS),10452,500,1951,1250
11/Jan/2015,SANGAMNER(MS),13369,500,1711,1105
15/Jan/2015,SANGAMNER(MS),14378,500,1800,1150
02/Jan/2015,SHRIRAMPUR(MS),235,300,1400,1100
04/Jan/2015,SHRIRAMPUR(MS),932,200,1650,1150
07/Jan/2015,SHRIRAMPUR(MS),929,200,1700,1250
09/Jan/2015,SHRIRAMPUR(MS),226,200,1400,1150
11/Jan/2015,SHRIRAMPUR(MS),1028,200,1700,1350
14/Jan/2015,SHRIRAMPUR(MS),1821,200,1500,1150
16/Jan/2015,SHRIRAMPUR(MS),107,200,1400,1150
18/Jan/2015,SHRIRAMPUR(MS),2074,200,1500,1150
21/Jan/2015,SHRIRAMPUR(MS),2477,200,1600,1150
23/Jan/2015,SHRIRAMPUR(MS),312,200,1400,1050
25/Jan/2015,SHRIRAMPUR(MS),2350,200,1625,1150
05/Jan/2015,SINNAR(MS),9569,200,1651,1250
06/Jan/2015,SINNAR(MS),936,300,1378,1250
07/Jan/2015,SINNAR(MS),8032,100,1711,1250
08/Jan/2015,SINNAR(MS),3804,200,1325,1200
12/Jan/2015,SINNAR(MS),15494,100,1551,1150
13/Jan/2015,SINNAR(MS),2490,200,1271,1150
19/Jan/2015,SINNAR(MS),13555,100,1625,1200
21/Jan/2015,SINNAR(MS),12598,100,1700,1150
22/Jan/2015,SINNAR(MS),5221,100,1267,1150
26/Jan/2015,SINNAR(MS),4900,200,1651,1300
01/Jan/2015,SOLAPUR(MS),43276,100,1950,850
03/Jan/2015,SOLAPUR(MS),31603,100,1975,850
05/Jan/2015,SOLAPUR(MS),54549,100,2000,900
06/Jan/2015,SOLAPUR(MS),40813,100,2200,900
07/Jan/2015,SOLAPUR(MS),37576,100,2300,950
08/Jan/2015,SOLAPUR(MS),37576,100,2300,950
09/Jan/2015,SOLAPUR(MS),48568,100,2000,900
10/Jan/2015,SOLAPUR(MS),62558,100,1950,800
16/Jan/2015,SOLAPUR(MS),15786,100,2000,1000
17/Jan/2015,SOLAPUR(MS),14548,100,2150,1000
19/Jan/2015,SOLAPUR(MS),35619,100,2060,1000
20/Jan/2015,SOLAPUR(MS),34053,100,2100,900
21/Jan/2015,SOLAPUR(MS),40386,100,2075,900
22/Jan/2015,SOLAPUR(MS),36453,100,2150,950
23/Jan/2015,SOLAPUR(MS),39327,100,1900,850
24/Jan/2015,SOLAPUR(MS),35342,100,2100,900
27/Jan/2015,SOLAPUR(MS),21521,100,2100,850
28/Jan/2015,SOLAPUR(MS),22553,100,2050,900
31/Jan/2015,SOLAPUR(MS),20234,100,2250,1100
05/Jan/2015,SURAT(GUJ),1700,1500,2000,1750
06/Jan/2015,SURAT(GUJ),1300,1200,1800,1500
07/Jan/2015,SURAT(GUJ),1600,1200,1800,1500
08/Jan/2015,SURAT(GUJ),1300,1200,1800,1500
09/Jan/2015,SURAT(GUJ),1300,1250,1750,1500
12/Jan/2015,SURAT(GUJ),1500,1000,1750,1375
13/Jan/2015,SURAT(GUJ),1300,1000,1750,1375
15/Jan/2015,SURAT(GUJ),1000,1250,1750,1500
16/Jan/2015,SURAT(GUJ),1600,1250,1750,1500
19/Jan/2015,SURAT(GUJ),1800,1250,1750,1500
20/Jan/2015,SURAT(GUJ),1500,1000,1750,1375
21/Jan/2015,SURAT(GUJ),1400,1000,1750,1375
22/Jan/2015,SURAT(GUJ),1300,1250,1750,1500
24/Jan/2015,SURAT(GUJ),1300,1250,1750,1500
31/Jan/2015,SURAT(GUJ),1600,1250,1750,1500
13/Jan/2015,UDAIPUR(RAJ),95,500,1500,1000
15/Jan/2015,UDAIPUR(RAJ),179,400,1300,850
27/Jan/2015,UDAIPUR(RAJ),194,400,1300,850
30/Jan/2015,UDAIPUR(RAJ),310,400,1500,950
31/Jan/2015,UDAIPUR(RAJ),696,500,1500,1000
03/Jan/2015,VANI(MS),606,900,1411,1100
05/Jan/2015,VANI(MS),4081,900,1660,1250
08/Jan/2015,VANI(MS),4641,900,1650,1200
10/Jan/2015,VANI(MS),1170,800,1553,1175
14/Jan/2015,VANI(MS),7125,800,1560,1210
15/Jan/2015,VANI(MS),3513,800,1570,1150
17/Jan/2015,VANI(MS),2296,1000,1600,1300
19/Jan/2015,VANI(MS),5818,900,1589,1200
24/Jan/2015,VANI(MS),3152,800,1400,1125
28/Jan/2015,VANI(MS),4382,900,1631,1310
03/Jan/2015,VARANASI(UP),1400,1680,1740,1700
07/Jan/2015,VARANASI(UP),1800,1680,1740,1700
08/Jan/2015,VARANASI(UP),1900,1500,1600,1550
17/Jan/2015,VARANASI(UP),1800,1550,1600,1575
19/Jan/2015,VARANASI(UP),1700,1550,1600,1575
22/Jan/2015,VARANASI(UP),1700,1560,1600,1580
31/Jan/2015,VARANASI(UP),1900,1560,1620,1590
01/Jan/2015,YEOLA(MS),5870,400,1360,1100
02/Jan/2015,YEOLA(MS),11193,400,1400,1200
03/Jan/2015,YEOLA(MS),11912,500,1450,1175
05/Jan/2015,YEOLA(MS),21363,500,1355,1150
06/Jan/2015,YEOLA(MS),6867,300,1338,1200
07/Jan/2015,YEOLA(MS),16924,601,1353,1175
08/Jan/2015,YEOLA(MS),7646,200,1317,1050
09/Jan/2015,YEOLA(MS),21900,202,1341,1100
10/Jan/2015,YEOLA(MS),18519,200,1300,1000
12/Jan/2015,YEOLA(MS),24754,300,1325,1125
13/Jan/2015,YEOLA(MS),11045,300,1260,1100
17/Jan/2015,YEOLA(MS),14873,200,1400,1175
19/Jan/2015,YEOLA(MS),19740,425,1400,1175
21/Jan/2015,YEOLA(MS),26948,400,1384,1175
22/Jan/2015,YEOLA(MS),7766,350,1249,1100
27/Jan/2015,YEOLA(MS),8522,500,1404,1250
28/Jan/2015,YEOLA(MS),18004,400,1450,1325
29/Jan/2015,YEOLA(MS),6159,390,1429,1251
30/Jan/2015,YEOLA(MS),17422,400,1525,1415
31/Jan/2015,YEOLA(MS),15653,450,1536,1400
,Total,8586582,916(Avg),1643(Avg),1344(Avg)
