State,Year,Area.000Ha,Production.000MT,Yield.MT.per.Ha
Maharastra,2013-14,468,5864.04,12.53
Maharastra,2011-12,382,5638,14.76
Maharastra,2014-15,427.93,5361.96,12.53
Maharastra,2010-11,415,4905,11.82
Maharastra,2012-13,260,4660,17.92
Maharastra,2008-09,250,3932.5,15.73
Maharastra,2009-10,200,3146,15.73
Karnataka,2008-09,165.1,3031.8,18.36
Karnataka,2014-15,164.73,2985.75,18.13
Madhya Pradesh,2014-15,123.18,2967.41,24.09
Madhya Pradesh,2013-14,117.31,2826.02,24.09
Maharastra,2006-07,229.84,2812.36,12.24
Maharastra,2007-08,204.67,2713.28,13.26
Madhya Pradesh,2012-13,111.73,2691,24.08
Karnataka,2010-11,190.5,2592.2,13.61
Maharastra,2005-06,177,2469,13.95
Karnataka,2011-12,177.2,2451.2,13.83
Karnataka,2012-13,159.6,2395.9,15.01
Others,1977-78,215.3,2378.9,11.05
Karnataka,2009-10,141.3,2266.2,16.04
Gujarat,2005-06,76,2128,28
Gujarat,2006-07,76,2128,28
Karnataka,2013-14,136.57,2065.16,15.12
Gujarat,2007-08,65,2059,31.68
Madhya Pradesh,2011-12,88.07,1957,22.22
Gujarat,2013-14,72.79,1851.22,25.43
Maharastra,2000-01,118.1,1687.5,14.29
Maharastra,2003-04,134,1645,12.28
Maharastra,2004-05,134,1645,12.28
Gujarat,2011-12,61.3,1562.2,25.48
Andhra Pradesh,2012-13,86.67,1560.06,18
Gujarat,2010-11,62,1514.1,24.42
Gujarat,2003-04,49.1,1479.3,30.13
Gujarat,1998-99,52.2,1462.1,28.01
Maharastra,2002-03,121,1427,11.79
Gujarat,2008-09,57.6,1409.6,24.47
Maharastra,1999-00,112.6,1392.6,12.37
Maharastra,2001-02,108,1307,12.1
Bihar,2013-14,54.32,1304.16,24.01
Bihar,2014-15,54.3,1247.31,22.97
Bihar,2011-12,53.81,1236.74,22.98
Gujarat,2004-05,44,1223,27.8
Maharastra,1993-94,101.6,1210,11.91
Maharastra,1994-95,93.7,1206.7,12.88
Maharastra,1996-97,95.5,1189.1,12.45
Maharastra,1998-99,103.9,1183.6,11.39
Gujarat,2014-15,44.3,1126.55,25.43
Maharastra,1995-96,92.6,1120.5,12.1
Bihar,2012-13,53.02,1107.84,20.89
Karnataka,2007-08,182,1107,6.08
Bihar,2010-11,53.3,1082,20.3
Gujarat,2009-10,43.4,1078.6,24.85
Madhya Pradesh,2010-11,58.3,1021.5,17.52
Andhra Pradesh,2013-14,55.81,1004.55,18
Bihar,2009-10,53,972,18.34
Madhya Pradesh,2009-10,57.3,952.3,16.62
Bihar,2008-09,51.6,946.6,18.34
Madhya Pradesh,2008-09,53,881.8,16.64
Maharastra,1976-77,50.1,870.6,17.38
Maharastra,1974-75,50.3,870.1,17.3
Karnataka,2005-06,151,870,5.76
Karnataka,2006-07,151.29,859.13,5.68
Karnataka,2004-05,136,856,6.29
Maharastra,1991-92,59.5,840.1,14.12
Maharastra,1992-93,62,831.6,13.41
Andhra Pradesh,2011-12,48.52,824.77,17
Andhra Pradesh,2010-11,47.8,812.6,17
Maharastra,1990-91,66.5,804,12.09
Rajasthan,2014-15,62.56,800.07,12.79
Maharastra,1981-82,54.5,789.2,14.48
Maharastra,1978-79,48.1,786.9,16.36
Maharastra,1988-89,57.7,780.9,13.53
Maharastra,1979-80,50.3,774.6,15.4
Maharastra,1983-84,56.4,759.1,13.46
Maharastra,1982-83,55,745.6,13.56
Maharastra,1975-76,49.7,743,14.95
Rajasthan,2009-10,45,742.5,16.5
Maharastra,1984-85,51.1,732.8,14.34
Karnataka,2001-02,125.8,721,5.73
Gujarat,2002-03,25,717.4,28.7
Maharastra,1989-90,60.2,711.6,11.82
Rajasthan,2013-14,57.46,704.96,12.27
Gujarat,2012-13,28.85,704.38,24.42
Andhra Pradesh,2007-08,37,700,18.92
Andhra Pradesh,2005-06,36,696,19.33
Maharastra,1980-81,52.3,684.3,13.08
Haryana,2013-14,30.16,672.17,22.29
Haryana,2014-15,28.69,667.12,23.25
Karnataka,2000-01,120.3,665.4,5.53
Rajasthan,2011-12,73.46,664.22,9.04
Andhra Pradesh,2008-09,39,662.6,16.99
Andhra Pradesh,2009-10,39,662.6,16.99
Maharastra,1985-86,54,643,11.91
Gujarat,2001-02,24.2,640.2,26.45
Maharastra,1987-88,54.9,630,11.48
Madhya Pradesh,2006-07,37.87,629.65,16.63
Gujarat,1997-98,20.9,619,29.62
Gujarat,1992-93,25.8,605.3,23.46
Haryana,2012-13,27.8,604.47,21.74
Andhra Pradesh,2004-05,34,603,17.74
Maharastra,1986-87,54.6,600.2,10.99
Karnataka,1999-00,125.7,594.7,4.73
Haryana,2011-12,27.45,589.83,21.49
Andhra Pradesh,2006-07,31,579,18.68
Andhra Pradesh,2014-15,38.37,575.58,15
Madhya Pradesh,2005-06,37.8,572,15.13
Gujarat,1994-95,20.3,561.5,27.66
Madhya Pradesh,2007-08,38.58,559.7,14.51
Andhra Pradesh,2001-02,31.8,559.4,17.59
Karnataka,1996-97,84.6,558.6,6.6
Tamil Nadu,2011-12,37.12,556.45,14.99
Gujarat,1993-94,23,549.3,23.88
Andhra Pradesh,2000-01,30.3,536.5,17.71
Karnataka,2002-03,115,535.8,4.66
Madhya Pradesh,2004-05,34.8,535.6,15.39
Gujarat,1988-89,18,528,29.33
Uttar Pradesh,1988-89,34.9,527.2,15.11
Andhra Pradesh,1999-00,35.1,522.7,14.89
Andhra Pradesh,2003-04,29,520,17.93
Karnataka,1997-98,91,517.4,5.69
Karnataka,1998-99,93.6,508.4,5.43
Rajasthan,2010-11,49,494.2,10.09
Gujarat,1984-85,14.9,491.1,32.96
Maharastra,1997-98,53.8,491,9.13
Andhra Pradesh,1998-99,31.1,478.3,15.38
Gujarat,1985-86,16.9,477.7,28.27
Gujarat,1986-87,16.9,477.7,28.27
Karnataka,1992-93,52.5,477.4,9.09
Rajasthan,2012-13,139.05,476.21,3.42
Uttar Pradesh,2012-13,26.63,474.01,17.8
Tamil Nadu,2013-14,39.97,472.69,11.83
Gujarat,1990-91,17.9,463.6,25.9
Others,2008-09,28.6,454.9,15.91
Haryana,2010-11,22.2,453.9,20.45
Gujarat,1989-90,16.6,453.4,27.31
Gujarat,1999-00,19.9,450.7,22.65
Uttar Pradesh,1992-93,35.3,447.3,12.67
Gujarat,1995-96,19,444,23.37
Karnataka,1995-96,78.8,440.3,5.59
Gujarat,1996-97,16,433,27.06
Odisha,2013-14,35.81,432.05,12.07
Karnataka,1994-95,72.7,431.5,5.94
Tamil Nadu,2012-13,37.7,429.72,11.4
Rajasthan,2005-06,44.5,427.2,9.6
Gujarat,1991-92,17.4,424.4,24.39
Telangana,2013-14,23.57,424.22,18
Uttar Pradesh,1991-92,28.8,422.4,14.67
Uttar Pradesh,1984-85,26.5,419.2,15.82
Telangana,2014-15,22.2,419.1,18.88
Odisha,2012-13,34.92,419.09,12
Odisha,2011-12,35.16,418.99,11.92
Madhya Pradesh,2003-04,31,416.2,13.43
Andhra Pradesh,1993-94,20,415.2,20.76
Karnataka,1993-94,63.1,414.1,6.56
Uttar Pradesh,2014-15,24.46,413.42,16.9
Andhra Pradesh,2002-03,27.1,412.6,15.23
Uttar Pradesh,1996-97,31.9,412.4,12.93
Uttar Pradesh,1985-86,31.4,410.5,13.07
Uttar Pradesh,2013-14,24.27,409.96,16.89
Uttar Pradesh,1990-91,28.5,404.7,14.2
Tamil Nadu,1980-81,19.7,396.4,20.12
Uttar Pradesh,1995-96,33.5,396.1,11.82
Odisha,2014-15,33.19,395.96,11.93
Uttar Pradesh,1999-00,28.2,392.3,13.91
Others,2009-10,24.7,392,15.87
Odisha,2010-11,34.8,385.9,11.09
Uttar Pradesh,2011-12,23.69,383.47,16.19
Odisha,1985-86,47.5,382.1,8.04
Odisha,1986-87,47.5,382.1,8.04
West Bengal,2014-15,25.31,380.15,15.02
Odisha,1995-96,50,380,7.6
Odisha,1996-97,50,380,7.6
Odisha,1983-84,42.1,378.8,9
Andhra Pradesh,1995-96,24,373.6,15.57
Rajasthan,2006-07,38.6,370.3,9.59
Chhattisgarh,2014-15,24.13,369.38,15.31
Uttar Pradesh,1989-90,29.5,369.3,12.52
Rajasthan,2008-09,41,369.1,9
Andhra Pradesh,1996-97,27.2,369,13.57
Uttar Pradesh,2010-11,23.2,368.6,15.89
Odisha,1999-00,46.4,368.4,7.94
Madhya Pradesh,1999-00,27.5,366.3,13.32
Uttar Pradesh,1979-80,26.1,365.2,13.99
Gujarat,1983-84,14.7,364.1,24.77
Rajasthan,2007-08,36,363.4,10.09
Uttar Pradesh,1981-82,21.9,361.8,16.52
Odisha,1994-95,47.8,361.6,7.56
Karnataka,2003-04,101.2,360.5,3.56
Odisha,1998-99,45.8,360,7.86
Uttar Pradesh,1986-87,26.1,349.1,13.38
Uttar Pradesh,1987-88,26.1,349.1,13.38
Haryana,2008-09,18.8,347.9,18.51
Rajasthan,2004-05,42.9,347.9,8.11
Haryana,2007-08,17.7,346.6,19.58
Madhya Pradesh,2002-03,24.7,345,13.97
West Bengal,2013-14,23.5,342.85,14.59
Odisha,1984-85,43.2,341.5,7.91
Tamil Nadu,2009-10,35.3,339.7,9.62
Gujarat,1981-82,13.1,339.4,25.91
Tamil Nadu,2010-11,33.8,338.9,10.03
Uttar Pradesh,2000-01,24,338.2,14.09
Madhya Pradesh,1998-99,25.3,337.6,13.34
Odisha,1992-93,45.2,335,7.41
Uttar Pradesh,1993-94,28.3,331.5,11.71
Haryana,2009-10,18.4,330.3,17.95
Karnataka,1991-92,45.6,328.9,7.21
Uttar Pradesh,2005-06,25.5,328.2,12.87
Andhra Pradesh,1997-98,21,328,15.62
Odisha,1991-92,45.8,327.1,7.14
Madhya Pradesh,2001-02,23.1,324.6,14.05
Uttar Pradesh,1980-81,19.6,324,16.53
Jharkhand,2014-15,16.39,322.73,19.69
Jharkhand,2012-13,17.21,322.15,18.72
Odisha,1993-94,43.8,320.8,7.32
Jharkhand,2013-14,16.22,320.53,19.76
Uttar Pradesh,2009-10,24.3,320.3,13.18
Uttar Pradesh,1994-95,27.7,319.2,11.52
Odisha,1987-88,40.9,319,7.8
Jharkhand,2011-12,15.7,318.19,20.27
Haryana,2005-06,15.5,317.7,20.5
Karnataka,1989-90,51.4,316.8,6.16
Tamil Nadu,1999-00,38.4,315.7,8.22
Karnataka,1988-89,61,315.3,5.17
Haryana,2006-07,16.4,314.9,19.2
Andhra Pradesh,1994-95,20.8,314.7,15.13
Gujarat,1975-76,13.4,312.3,23.31
Chhattisgarh,2013-14,20.08,309.54,15.42
Odisha,1988-89,43.7,309.5,7.08
West Bengal,2012-13,22,309.1,14.05
Uttar Pradesh,2008-09,22.3,308,13.81
Tamil Nadu,2008-09,35,305.5,8.73
Jharkhand,2010-11,14.6,305,20.89
West Bengal,2011-12,21.68,304.56,14.05
Uttar Pradesh,1998-99,24.9,303,12.17
Tamil Nadu,2000-01,30.9,302.8,9.8
Odisha,1989-90,45.6,302.3,6.63
Odisha,1981-82,45.1,301.3,6.68
Odisha,2009-10,32.1,298.8,9.31
West Bengal,2010-11,21.3,298,13.99
Uttar Pradesh,2006-07,21,297,14.14
Uttar Pradesh,2007-08,22,296,13.45
Gujarat,1976-77,14.8,295.8,19.99
Karnataka,1983-84,46.2,295.3,6.39
Odisha,1990-91,43.9,294.8,6.72
Haryana,2003-04,19.9,294.7,14.81
Haryana,2004-05,19.9,294.7,14.81
Tamil Nadu,1994-95,28.5,294.3,10.33
Gujarat,1978-79,17.4,293.5,16.87
Odisha,1980-81,43.1,291.2,6.76
West Bengal,2009-10,21,290,13.81
Tamil Nadu,1998-99,37.2,289.7,7.79
Odisha,2008-09,31.5,289.6,9.19
Tamil Nadu,2014-15,29.84,289.45,9.7
Karnataka,1984-85,49.4,287.2,5.81
Tamil Nadu,2007-08,29.8,287.2,9.64
Madhya Pradesh,1997-98,22.3,281.8,12.64
Madhya Pradesh,1996-97,21.1,279.7,13.26
Tamil Nadu,2001-02,29,279,9.62
Uttar Pradesh,2001-02,25.2,278.5,11.05
West Bengal,2008-09,20,273.8,13.69
Others,2000-01,31.5,272.8,8.66
Madhya Pradesh,2000-01,19.4,272.7,14.06
Tamil Nadu,1996-97,23.8,271.7,11.42
Tamil Nadu,1978-79,25.6,270.5,10.57
Gujarat,1982-83,14.1,269.9,19.14
Chhattisgarh,2012-13,17.95,269.28,15
Uttar Pradesh,1997-98,25.5,262.8,10.31
Uttar Pradesh,1983-84,22.6,262,11.59
Odisha,2006-07,28.5,260,9.12
Odisha,2007-08,28.5,260,9.12
Others,2001-02,37.8,259.1,6.85
Tamil Nadu,2006-07,29.6,258.3,8.73
Tamil Nadu,2004-05,26.5,256.4,9.68
Karnataka,1979-80,39.2,253.6,6.47
Karnataka,1982-83,38.2,253.3,6.63
Tamil Nadu,1991-92,26.7,252.2,9.45
Karnataka,1990-91,39.3,251,6.39
Uttar Pradesh,1982-83,18.4,250.4,13.61
Gujarat,1980-81,11.6,249.2,21.48
Rajasthan,2003-04,33.6,249.1,7.41
Uttar Pradesh,2003-04,21.2,245.8,11.59
Odisha,2005-06,26.8,243.9,9.1
Odisha,2004-05,26.8,241.9,9.03
Odisha,2003-04,26.6,240.3,9.03
Tamil Nadu,1989-90,22.1,239.2,10.82
Tamil Nadu,1979-80,22,238.8,10.85
Tamil Nadu,1984-85,23.1,237.8,10.29
Others,1975-76,18.7,237.1,12.68
Haryana,2001-02,14.9,236.9,15.9
Madhya Pradesh,1995-96,21.1,235.4,11.16
Tamil Nadu,2005-06,29.2,233.8,8.01
Uttar Pradesh,2002-03,20.6,232.8,11.3
Tamil Nadu,1995-96,21.4,231.5,10.82
Karnataka,1980-81,35.5,227.3,6.4
Madhya Pradesh,1993-94,19.1,227.1,11.89
Haryana,2002-03,15.9,226.1,14.22
Odisha,1978-79,37.8,225.4,5.96
Karnataka,1981-82,34.8,224.1,6.44
Chhattisgarh,2011-12,13.94,222.21,15.94
Madhya Pradesh,1988-89,18.8,221.7,11.79
Tamil Nadu,1982-83,22,221.6,10.07
Tamil Nadu,1988-89,22.5,220.3,9.79
Gujarat,1987-88,9.4,216.2,23
Madhya Pradesh,1994-95,19.7,214.7,10.9
Madhya Pradesh,1991-92,16.4,212.6,12.96
Bihar,1999-00,20,212.3,10.62
Karnataka,1987-88,37.1,212,5.71
Tamil Nadu,2003-04,23.4,211.2,9.03
Uttar Pradesh,2004-05,17.6,210,11.93
Tamil Nadu,1990-91,21.3,207.9,9.76
Rajasthan,2001-02,28.4,206.3,7.26
Rajasthan,1996-97,24.4,205.8,8.43
Madhya Pradesh,1990-91,17.3,204.4,11.82
Odisha,1982-83,29.4,201.3,6.85
Gujarat,1974-75,8.3,199.5,24.04
Tamil Nadu,1985-86,19.8,198.9,10.05
Karnataka,1978-79,30.5,198.2,6.5
Tamil Nadu,2002-03,22.8,198,8.68
Tamil Nadu,1993-94,24.6,197.8,8.04
Gujarat,1979-80,9.2,197.7,21.49
Madhya Pradesh,1989-90,16.4,196.7,11.99
Madhya Pradesh,1984-85,14,196.6,14.04
Madhya Pradesh,1987-88,16,196.3,12.27
Karnataka,1985-86,43.8,196.1,4.48
Tamil Nadu,1975-76,16.4,193.5,11.8
Bihar,1998-99,20.4,193,9.46
Tamil Nadu,1992-93,22.3,192.1,8.61
Odisha,1979-80,37.3,191,5.12
Others,1976-77,16.9,189.7,11.22
Punjab,2014-15,8.38,188.18,22.46
Tamil Nadu,1997-98,24.8,187.7,7.57
Punjab,2013-14,8.32,185.4,22.28
Punjab,2012-13,8.26,183.65,22.23
Karnataka,1986-87,38.7,183.6,4.74
Punjab,2011-12,8.24,182.69,22.17
Tamil Nadu,1983-84,23.2,182.4,7.86
Punjab,2010-11,8.2,182.3,22.23
Andhra Pradesh,1989-90,20.8,181.9,8.75
Others,1974-75,15.7,177.1,11.28
Andhra Pradesh,1990-91,19.8,176.2,8.9
Punjab,2009-10,8.1,175.1,21.62
Chhattisgarh,2010-11,11.2,174.2,15.55
Punjab,2008-09,8.1,173.6,21.43
Rajasthan,1999-00,25.4,173.3,6.82
Madhya Pradesh,1992-93,15.4,172.5,11.2
Punjab,2007-08,8,172,21.5
Punjab,2005-06,7.6,169,22.24
Punjab,2006-07,7.6,169,22.24
Odisha,1997-98,45,165.4,3.68
Rajasthan,2000-01,24.6,165.1,6.71
Andhra Pradesh,1985-86,15.8,163.9,10.37
Tamil Nadu,1987-88,16.7,163.9,9.81
Andhra Pradesh,1991-92,19.8,163.8,8.27
Andhra Pradesh,1983-84,18.2,163,8.96
Andhra Pradesh,1987-88,17.5,162.5,9.29
Rajasthan,1995-96,21.7,161.7,7.45
Chhattisgarh,2009-10,9.1,160.3,17.62
Tamil Nadu,1986-87,16.3,158.2,9.71
Uttar Pradesh,1978-79,12.5,156.5,12.52
Rajasthan,2002-03,26.5,155.7,5.88
Karnataka,1974-75,21.6,155,7.18
Madhya Pradesh,1981-82,13.7,154.8,11.3
Haryana,2000-01,12.2,153.9,12.61
Andhra Pradesh,1992-93,18.8,152,8.09
Madhya Pradesh,1986-87,13.5,151.3,11.21
Andhra Pradesh,1988-89,21,150.1,7.15
Tamil Nadu,1976-77,17.3,149.8,8.66
Madhya Pradesh,1979-80,12.4,149.7,12.07
Bihar,1993-94,17,149.2,8.78
Bihar,1991-92,17.3,147.2,8.51
Andhra Pradesh,1986-87,15.7,147,9.36
Andhra Pradesh,1978-79,14.6,146.8,10.05
Karnataka,1975-76,24.9,145.3,5.84
Madhya Pradesh,1982-83,12,144.9,12.08
Bihar,1992-93,16,144.4,9.03
Andhra Pradesh,1984-85,16.7,143.6,8.6
Bihar,1994-95,17.6,142.8,8.11
Bihar,2003-04,14.5,138,9.52
Bihar,1997-98,18.1,137.9,7.62
Bihar,1995-96,17.5,137.3,7.85
Bihar,1996-97,17.5,137.3,7.85
Chhattisgarh,2008-09,8.8,136.7,15.53
Tamil Nadu,1981-82,20.9,136.2,6.52
Madhya Pradesh,1985-86,13.1,135.8,10.37
Madhya Pradesh,1980-81,13,134.6,10.35
Bihar,1987-88,14.7,134.5,9.15
Karnataka,1976-77,18.6,132.8,7.14
Odisha,1976-77,25.1,132,5.26
Gujarat,2000-01,6.4,131.2,20.5
Bihar,2007-08,14.6,130.1,8.91
Bihar,2005-06,15.9,128.1,8.06
Rajasthan,1991-92,19,127.9,6.73
Madhya Pradesh,1978-79,10.9,127.3,11.68
Tamil Nadu,1974-75,14.3,127.2,8.9
Bihar,1986-87,14,126.8,9.06
Bihar,1984-85,15,126.7,8.45
Andhra Pradesh,1979-80,16.6,123.8,7.46
Rajasthan,1993-94,16.1,122.4,7.6
Rajasthan,1990-91,16.9,121.6,7.2
Odisha,1975-76,29.8,121.3,4.07
Rajasthan,1998-99,20.2,120.7,5.98
Bihar,2006-07,15.1,120.5,7.98
Madhya Pradesh,1975-76,11.9,120.4,10.12
Bihar,1988-89,13.7,120,8.76
Others,1978-79,11.8,120,10.17
Bihar,1985-86,14.5,119.4,8.23
Madhya Pradesh,1983-84,14,118.7,8.48
Rajasthan,1992-93,15.2,118.5,7.8
Andhra Pradesh,1981-82,14.4,118.1,8.2
Bihar,1990-91,14.1,117,8.3
Bihar,2002-03,13.6,116.8,8.59
Andhra Pradesh,1982-83,16.3,115.5,7.09
Bihar,1989-90,13.4,115,8.58
Andhra Pradesh,1980-81,16.5,114.7,6.95
Odisha,1974-75,28.2,114.7,4.07
Rajasthan,1997-98,19.7,113.5,5.76
Madhya Pradesh,1976-77,9.7,111.8,11.53
Bihar,1975-76,12.9,109.8,8.51
Haryana,1996-97,6.4,109.5,17.11
Others,2002-03,19.1,109.2,5.72
Bihar,2004-05,14.1,106.5,7.55
Haryana,1995-96,6.3,106.3,16.87
Madhya Pradesh,1974-75,10.3,103.9,10.09
Bihar,1982-83,13,101,7.77
Bihar,1979-80,14.4,100.5,6.98
Bihar,1980-81,15.1,100.3,6.64
Bihar,1983-84,13.5,98.5,7.3
Bihar,1981-82,14.4,98,6.81
Others,1998-99,13.5,95.5,7.07
Rajasthan,1989-90,15,90.2,6.01
Rajasthan,1988-89,12.8,83.7,6.54
Rajasthan,1994-95,16.6,83.2,5.01
Bihar,1978-79,12.4,83,6.69
West Bengal,1978-79,13.9,82.1,5.91
Bihar,1976-77,12.2,80.7,6.61
Rajasthan,1987-88,13.7,75.4,5.5
Uttar Pradesh,1975-76,8.5,74.8,8.8
Others,2003-04,9,73.8,8.2
Haryana,1994-95,4.1,67.9,16.56
Andhra Pradesh,1976-77,10.2,66.7,6.54
Bihar,1974-75,12.1,65.7,5.43
Jammu & Kashmir,2011-12,2.85,65.27,22.9
Jammu & Kashmir,2012-13,2.85,65.27,22.9
Jammu & Kashmir,2013-14,2.85,65.27,22.9
Jammu & Kashmir,2014-15,2.85,65.27,22.9
Andhra Pradesh,1974-75,14.9,64.38,4.32
Haryana,1992-93,4,64.2,16.05
Jammu & Kashmir,2010-11,2.8,63.5,22.68
Punjab,1996-97,3.1,61,19.68
Punjab,1975-76,4.1,60.5,14.76
Haryana,1999-00,4.1,60.1,14.66
Others,2007-08,3,60,20
Rajasthan,1986-87,12.2,57,4.67
Uttar Pradesh,1976-77,7.3,56.9,7.79
Andhra Pradesh,1975-76,13.5,53.6,3.97
Uttar Pradesh,1974-75,6.4,53.6,8.38
Haryana,1987-88,3.5,51,14.57
Punjab,1990-91,1.8,49,27.22
Punjab,1974-75,3.2,48.8,15.25
Punjab,1997-98,2.5,48.2,19.28
Haryana,1991-92,3,48,16
Punjab,1989-90,1.7,47,27.65
Rajasthan,1985-86,12,46.8,3.9
Rajasthan,1984-85,13.2,46.5,3.52
Himachal Pradesh,2013-14,2.34,43.71,18.68
Haryana,1974-75,4.3,43.5,10.12
Haryana,1985-86,3.1,43.3,13.97
Haryana,1986-87,3.1,43.3,13.97
Haryana,1979-80,2.7,42.7,15.81
Haryana,1975-76,4.2,42.2,10.05
Haryana,1993-94,2.4,41.6,17.33
Uttarakhand,2014-15,3.96,40.84,10.31
Uttarakhand,2008-09,3.6,40.5,11.25
Uttarakhand,2009-10,3.6,40.5,11.25
Haryana,1990-91,2.5,39.9,15.96
Haryana,1988-89,2.9,39.5,13.62
Haryana,1984-85,3,39.4,13.13
Uttarakhand,2012-13,3.82,39.4,10.31
Himachal Pradesh,2012-13,2.27,39.36,17.34
Himachal Pradesh,2014-15,2.27,39.36,17.34
Uttarakhand,2011-12,3.81,39.27,10.31
Uttarakhand,2010-11,3.8,38,10
Haryana,1980-81,1.9,37.8,19.89
Rajasthan,1982-83,10.1,37.4,3.7
Rajasthan,1979-80,10.9,36.6,3.36
Himachal Pradesh,2011-12,2.2,36.3,16.5
Punjab,1988-89,1.3,36,27.69
Himachal Pradesh,2010-11,2.2,35.9,16.32
Uttarakhand,2013-14,3.8,35.86,9.44
Punjab,1991-92,1.8,34.3,19.06
Punjab,1992-93,1.8,34.3,19.06
Assam,2014-15,8.7,33.61,3.86
Rajasthan,1981-82,10.3,32.8,3.18
Punjab,1995-96,1.6,32.2,20.13
Rajasthan,1976-77,6.6,32.1,4.86
Rajasthan,1978-79,7.7,31.4,4.08
Assam,2012-13,8.53,30.9,3.62
Rajasthan,1983-84,11.2,29.9,2.67
Odisha,2002-03,4.1,29.7,7.24
Assam,2013-14,7.44,28.81,3.87
Haryana,1982-83,1.5,28.7,19.13
Rajasthan,1980-81,9.6,28.4,2.96
Rajasthan,1975-76,6.3,28.1,4.46
Haryana,1989-90,1.6,27.8,17.38
Punjab,1985-86,1.1,27.6,25.09
Punjab,1986-87,1.1,27.6,25.09
Delhi,2010-11,1.5,27.3,18.2
Haryana,1997-98,1.7,26.9,15.82
Punjab,1987-88,1.4,26.6,19
Haryana,1978-79,1.7,26.4,15.53
Chhattisgarh,2004-05,4.3,25.7,5.98
Uttarakhand,2005-06,2,25,12.5
Chhattisgarh,2005-06,4.5,24.9,5.53
Chhattisgarh,2007-08,4.2,24.5,5.83
Odisha,2000-01,4.2,24.4,5.81
Punjab,1976-77,1.6,24.4,15.25
Assam,2011-12,8.12,23.97,2.95
Delhi,2008-09,1.2,23.5,19.58
Delhi,2009-10,1.2,23.5,19.58
Delhi,2011-12,1.3,22.86,17.58
Assam,2010-11,8,22.1,2.76
Rajasthan,1974-75,5.1,22,4.31
Punjab,1994-95,1.1,20.9,19
Nagaland,2004-05,1.6,20.6,12.88
Nagaland,2005-06,1.6,20.6,12.88
Nagaland,2006-07,1.6,20.6,12.88
Nagaland,2007-08,1.6,20.6,12.88
Punjab,2003-04,1,20.6,20.6
Punjab,2004-05,1,20.6,20.6
Chhattisgarh,2006-07,4.3,20.5,4.77
Haryana,1976-77,2,20.3,10.15
Punjab,1979-80,1.5,20,13.33
Punjab,1984-85,1.3,19.8,15.23
Haryana,1983-84,1.5,19.4,12.93
Odisha,2001-02,3.9,19,4.87
Uttarakhand,2004-05,1.8,18.4,10.22
Assam,2005-06,7.7,18.3,2.38
Punjab,1999-00,0.8,18.1,22.63
Delhi,2014-15,0.81,18.05,22.28
Assam,1997-98,7.8,17.9,2.29
Punjab,1978-79,1.2,17.7,14.75
Assam,1999-00,7.4,17.2,2.32
Delhi,2013-14,0.78,17.07,21.88
Assam,2003-04,7,17,2.43
Assam,2006-07,7,17,2.43
Punjab,1982-83,1.2,16.9,14.08
Assam,2004-05,7.1,16.8,2.37
Punjab,1980-81,1.2,16.8,14
Assam,1996-97,7.3,16.6,2.27
Assam,1995-96,7.1,16.2,2.28
Assam,2007-08,7,16,2.29
Delhi,2012-13,0.81,15.5,19.14
Assam,1993-94,7.1,15.1,2.13
Assam,1994-95,7.1,15.1,2.13
Uttarakhand,2006-07,3,14,4.67
Haryana,1981-82,1.1,13.5,12.27
Punjab,1983-84,0.9,13.1,14.56
Assam,1992-93,6.3,12.7,2.02
Punjab,1981-82,0.9,12.3,13.67
Assam,1991-92,6.2,12,1.94
Nagaland,1999-00,0.9,11.8,13.11
Assam,1990-91,6,11.6,1.93
Assam,1986-87,5.6,11.4,2.04
Assam,1985-86,4.6,11.2,2.43
Assam,1988-89,5.8,11.2,1.93
Assam,1989-90,5.9,11.2,1.9
Assam,1984-85,5,11,2.2
Assam,1987-88,5.2,10.7,2.06
Punjab,1993-94,0.5,10.3,20.6
Mizoram,2014-15,1.27,10,7.87
Uttarakhand,2007-08,2,10,5
Assam,1983-84,4.4,9.2,2.09
Assam,1981-82,3.7,8.1,2.19
Nagaland,2013-14,0.7,7.7,11
Nagaland,2014-15,0.7,7.7,11
Himachal Pradesh,2006-07,0.9,7.6,8.44
Himachal Pradesh,2003-04,1,7.3,7.3
Himachal Pradesh,2004-05,1,7.3,7.3
Himachal Pradesh,2007-08,0.8,7,8.75
Nagaland,2012-13,0.65,6,9.23
Manipur,2014-15,0.36,5.44,15.11
Assam,1982-83,2.1,4.7,2.24
Mizoram,2011-12,0.48,4.38,9.13
Himachal Pradesh,1995-96,0.8,4.3,5.37
Himachal Pradesh,1996-97,0.8,4.3,5.37
Meghalaya,2014-15,0.5,4.3,8.6
Meghalaya,2013-14,0.49,4.13,8.43
Manipur,2013-14,0.27,4.05,15
Himachal Pradesh,2005-06,0.8,4,5
Mizoram,2012-13,0.43,3.96,9.21
Meghalaya,2012-13,0.47,3.95,8.4
Meghalaya,2011-12,0.45,3.74,8.31
Mizoram,2013-14,0.41,3.74,9.12
Jammu & Kashmir,1981-82,0.5,3.7,7.4
Manipur,2005-06,1.8,3.7,2.06
Manipur,2006-07,1.8,3.7,2.06
Nagaland,2011-12,0.4,3.1,7.75
Himachal Pradesh,1997-98,0.8,2.9,3.62
Himachal Pradesh,1999-00,0.8,2.9,3.62
Kerala,1979-80,0.4,2.7,6.75
Kerala,1980-81,0.4,2.7,6.75
Kerala,1981-82,0.4,2.7,6.75
Kerala,1982-83,0.4,2.7,6.75
Kerala,1983-84,0.4,2.7,6.75
Kerala,1984-85,0.4,2.7,6.75
Kerala,1985-86,0.4,2.7,6.75
Manipur,2004-05,1,2.1,2.1
Manipur,2007-08,0.9,2,2.22
Delhi,1987-88,0.3,1.9,6.33
Sikkim,2013-14,0.32,1.72,5.38
Sikkim,2014-15,0.32,1.72,5.38
Sikkim,2012-13,0.32,1.71,5.34
Sikkim,2011-12,0.3,1.64,5.47
Himachal Pradesh,1988-89,0.6,1.6,2.67
Himachal Pradesh,1990-91,0.7,1.6,2.29
Kerala,1986-87,0.2,1.6,8
Kerala,1987-88,0.2,1.6,8
Sikkim,2010-11,0.3,1.6,5.33
Himachal Pradesh,1993-94,0.7,1.5,2.14
Himachal Pradesh,1994-95,0.7,1.5,2.14
Delhi,1979-80,0.2,1.4,7
Himachal Pradesh,1991-92,0.6,1.4,2.33
Himachal Pradesh,1992-93,0.6,1.4,2.33
Delhi,1984-85,0.2,1.3,6.5
Delhi,1985-86,0.2,1.3,6.5
Delhi,1988-89,0.2,1.3,6.5
Himachal Pradesh,1989-90,0.6,1.3,2.17
Meghalaya,2003-04,0.2,1.3,6.5
Meghalaya,2004-05,0.2,1.3,6.5
Meghalaya,2005-06,0.2,1.3,6.5
Meghalaya,2006-07,0.2,1.3,6.5
Meghalaya,2007-08,0.2,1.3,6.5
Jammu & Kashmir,1987-88,0.6,1.2,2
Himachal Pradesh,1979-80,0.6,1.1,1.83
Himachal Pradesh,1980-81,0.6,1.1,1.83
Jammu & Kashmir,2003-04,0.6,1.1,1.83
Jammu & Kashmir,2007-08,0.5,1.1,2.2
Jammu & Kashmir,1984-85,0.4,1,2.5
Puducherry,2003-04,0.1,1,10
Puducherry,2004-05,0.1,1,10
Puducherry,2005-06,0.1,1,10
Puducherry,2006-07,0.1,1,10
Delhi,1992-93,0.1,0.9,9
Himachal Pradesh,1981-82,0.7,0.9,1.29
Himachal Pradesh,1982-83,0.6,0.9,1.5
Himachal Pradesh,1987-88,0.6,0.9,1.5
Delhi,1983-84,0.1,0.8,8
Delhi,2006-07,0.1,0.8,8
Delhi,2007-08,0.1,0.8,8
Himachal Pradesh,1983-84,0.5,0.8,1.6
Himachal Pradesh,1985-86,0.7,0.8,1.14
Himachal Pradesh,1986-87,0.7,0.8,1.14
Jammu & Kashmir,1985-86,0.4,0.8,2
Jammu & Kashmir,1986-87,0.4,0.8,2
Jammu & Kashmir,1983-84,0.3,0.7,2.33
Mizoram,2010-11,0.1,0.7,7
Nagaland,1988-89,0.2,0.7,3.5
Nagaland,1990-91,0.2,0.7,3.5
Nagaland,1991-92,0.2,0.7,3.5
Delhi,1981-82,0.1,0.6,6
Jammu & Kashmir,1979-80,0.4,0.6,1.5
Jammu & Kashmir,1980-81,0.4,0.6,1.5
Jammu & Kashmir,1982-83,0.3,0.6,2
Nagaland,1989-90,0.2,0.6,3
Delhi,1982-83,0.1,0.5,5
Delhi,1986-87,0.1,0.5,5
Delhi,1991-92,0.1,0.5,5
Delhi,2005-06,0.1,0.4,4
Nagaland,1982-83,0.1,0.4,4
Nagaland,1983-84,0.1,0.4,4
Nagaland,1984-85,0.1,0.4,4
Nagaland,1985-86,0.2,0.4,2
Nagaland,1987-88,0.2,0.4,2
Puducherry,2010-11,0.1,0.4,4
Delhi,2004-05,0.1,0.3,3
Puducherry,1979-80,5,0.3,0.06
Puducherry,1980-81,5,0.3,0.06
Tripura,1989-90,0.2,0.3,1.5
Tripura,1990-91,0.2,0.3,1.5
Tripura,1991-92,0.2,0.3,1.5
Tripura,1992-93,0.2,0.3,1.5
Tripura,1993-94,0.2,0.3,1.5
Tripura,1994-95,0.2,0.3,1.5
Mizoram,2004-05,0.1,0.2,2
Mizoram,2005-06,0.1,0.2,2
Mizoram,2006-07,0.1,0.2,2
Mizoram,2007-08,0.1,0.2,2
Nagaland,1986-87,0.1,0.2,2
Tripura,1979-80,0.1,0.2,2
Tripura,1980-81,0.1,0.2,2
Tripura,1981-82,0.1,0.2,2
Tripura,1982-83,0.1,0.2,2
Tripura,1983-84,0.1,0.2,2
Tripura,1984-85,0.1,0.2,2
Tripura,1985-86,0.1,0.2,2
Tripura,1986-87,0.1,0.2,2
Tripura,1987-88,0.1,0.2,2
Tripura,1988-89,0.1,0.2,2
Tripura,1995-96,0.1,0.2,2
Tripura,1996-97,0.1,0.2,2
Tripura,1997-98,0.1,0.2,2
Tripura,1999-00,0.1,0.2,2
Tripura,2003-04,0.1,0.2,2
Tripura,2004-05,0.1,0.2,2
Tripura,2005-06,0.1,0.2,2
Tripura,2006-07,0.1,0.2,2
Tripura,2007-08,0.1,0.2,2
Puducherry,2013-14,0.03,0.11,3.67
Delhi,1980-81,5,0.1,0.02
Delhi,2003-04,0.1,0.1,1
Jammu & Kashmir,2004-05,0.1,0.1,1
Jammu & Kashmir,2005-06,0.1,0.1,1
Jammu & Kashmir,2006-07,0.1,0.1,1
Puducherry,1981-82,0.3,0.1,0.33
Puducherry,2014-15,0.02,0.1,5
Puducherry,2012-13,0.01,0.09,9
Puducherry,2011-12,0.01,0.05,5
Himachal Pradesh,1984-85,0.6,0,0
Kerala,2014-15,0.1,0,0
